DATAFLOW,LAST UPDATE,freq,unit,sex,age,geo,TIME_PERIOD,OBS_VALUE,OBS_FLAG
ESTAT:TPS00205(1.0),14/03/24 11:00:00,A,YR,F,Y_LT1,AL,2013,80.1,
ESTAT:TPS00205(1.0),14/03/24 11:00:00,A,YR,F,Y_LT1,AL,2014,80.1,
ESTAT:TPS00205(1.0),14/03/24 11:00:00,A,YR,F,Y_LT1,AL,2015,79.7,
ESTAT:TPS00205(1.0),14/03/24 11:00:00,A,YR,F,Y_LT1,AL,2016,80.1,
ESTAT:TPS00205(1.0),14/03/24 11:00:00,A,YR,F,Y_LT1,AL,2017,80.1,
ESTAT:TPS00205(1.0),14/03/24 11:00:00,A,YR,F,Y_LT1,AL,2018,80.5,
ESTAT:TPS00205(1.0),14/03/24 11:00:00,A,YR,F,Y_LT1,AL,2019,80.7,
ESTAT:TPS00205(1.0),14/03/24 11:00:00,A,YR,F,Y_LT1,AL,2020,79.6,
ESTAT:TPS00205(1.0),14/03/24 11:00:00,A,YR,F,Y_LT1,AL,2021,77.7,
ESTAT:TPS00205(1.0),14/03/24 11:00:00,A,YR,F,Y_LT1,AL,2022,80.9,
ESTAT:TPS00205(1.0),14/03/24 11:00:00,A,YR,F,Y_LT1,AM,2015,78.2,
ESTAT:TPS00205(1.0),14/03/24 11:00:00,A,YR,F,Y_LT1,AM,2016,78.4,
ESTAT:TPS00205(1.0),14/03/24 11:00:00,A,YR,F,Y_LT1,AM,2017,78.9,
ESTAT:TPS00205(1.0),14/03/24 11:00:00,A,YR,F,Y_LT1,AM,2018,79.7,
ESTAT:TPS00205(1.0),14/03/24 11:00:00,A,YR,F,Y_LT1,AM,2019,79.7,
ESTAT:TPS00205(1.0),14/03/24 11:00:00,A,YR,F,Y_LT1,AT,2011,83.8,
ESTAT:TPS00205(1.0),14/03/24 11:00:00,A,YR,F,Y_LT1,AT,2012,83.6,
ESTAT:TPS00205(1.0),14/03/24 11:00:00,A,YR,F,Y_LT1,AT,2013,83.8,
ESTAT:TPS00205(1.0),14/03/24 11:00:00,A,YR,F,Y_LT1,AT,2014,84.0,
ESTAT:TPS00205(1.0),14/03/24 11:00:00,A,YR,F,Y_LT1,AT,2015,83.7,
ESTAT:TPS00205(1.0),14/03/24 11:00:00,A,YR,F,Y_LT1,AT,2016,84.1,
ESTAT:TPS00205(1.0),14/03/24 11:00:00,A,YR,F,Y_LT1,AT,2017,84.0,
ESTAT:TPS00205(1.0),14/03/24 11:00:00,A,YR,F,Y_LT1,AT,2018,84.1,
ESTAT:TPS00205(1.0),14/03/24 11:00:00,A,YR,F,Y_LT1,AT,2019,84.2,
ESTAT:TPS00205(1.0),14/03/24 11:00:00,A,YR,F,Y_LT1,AT,2020,83.6,
ESTAT:TPS00205(1.0),14/03/24 11:00:00,A,YR,F,Y_LT1,AT,2021,83.7,
ESTAT:TPS00205(1.0),14/03/24 11:00:00,A,YR,F,Y_LT1,AT,2022,83.6,
ESTAT:TPS00205(1.0),14/03/24 11:00:00,A,YR,F,Y_LT1,AZ,2012,76.6,
ESTAT:TPS00205(1.0),14/03/24 11:00:00,A,YR,F,Y_LT1,AZ,2013,77.1,
ESTAT:TPS00205(1.0),14/03/24 11:00:00,A,YR,F,Y_LT1,AZ,2014,77.3,
ESTAT:TPS00205(1.0),14/03/24 11:00:00,A,YR,F,Y_LT1,AZ,2015,77.7,
ESTAT:TPS00205(1.0),14/03/24 11:00:00,A,YR,F,Y_LT1,AZ,2017,77.9,
ESTAT:TPS00205(1.0),14/03/24 11:00:00,A,YR,F,Y_LT1,AZ,2018,78.3,
ESTAT:TPS00205(1.0),14/03/24 11:00:00,A,YR,F,Y_LT1,AZ,2019,78.9,
ESTAT:TPS00205(1.0),14/03/24 11:00:00,A,YR,F,Y_LT1,BE,2011,83.3,b
ESTAT:TPS00205(1.0),14/03/24 11:00:00,A,YR,F,Y_LT1,BE,2012,83.1,
ESTAT:TPS00205(1.0),14/03/24 11:00:00,A,YR,F,Y_LT1,BE,2013,83.2,
ESTAT:TPS00205(1.0),14/03/24 11:00:00,A,YR,F,Y_LT1,BE,2014,83.9,
ESTAT:TPS00205(1.0),14/03/24 11:00:00,A,YR,F,Y_LT1,BE,2015,83.4,
ESTAT:TPS00205(1.0),14/03/24 11:00:00,A,YR,F,Y_LT1,BE,2016,84.0,
ESTAT:TPS00205(1.0),14/03/24 11:00:00,A,YR,F,Y_LT1,BE,2017,83.9,
ESTAT:TPS00205(1.0),14/03/24 11:00:00,A,YR,F,Y_LT1,BE,2018,83.9,
ESTAT:TPS00205(1.0),14/03/24 11:00:00,A,YR,F,Y_LT1,BE,2019,84.3,
ESTAT:TPS00205(1.0),14/03/24 11:00:00,A,YR,F,Y_LT1,BE,2020,83.0,
ESTAT:TPS00205(1.0),14/03/24 11:00:00,A,YR,F,Y_LT1,BE,2021,84.3,
ESTAT:TPS00205(1.0),14/03/24 11:00:00,A,YR,F,Y_LT1,BE,2022,83.9,
ESTAT:TPS00205(1.0),14/03/24 11:00:00,A,YR,F,Y_LT1,BG,2011,77.8,
ESTAT:TPS00205(1.0),14/03/24 11:00:00,A,YR,F,Y_LT1,BG,2012,77.9,
ESTAT:TPS00205(1.0),14/03/24 11:00:00,A,YR,F,Y_LT1,BG,2013,78.6,
ESTAT:TPS00205(1.0),14/03/24 11:00:00,A,YR,F,Y_LT1,BG,2014,78.0,
ESTAT:TPS00205(1.0),14/03/24 11:00:00,A,YR,F,Y_LT1,BG,2015,78.2,
ESTAT:TPS00205(1.0),14/03/24 11:00:00,A,YR,F,Y_LT1,BG,2016,78.5,
ESTAT:TPS00205(1.0),14/03/24 11:00:00,A,YR,F,Y_LT1,BG,2017,78.4,
ESTAT:TPS00205(1.0),14/03/24 11:00:00,A,YR,F,Y_LT1,BG,2018,78.6,
ESTAT:TPS00205(1.0),14/03/24 11:00:00,A,YR,F,Y_LT1,BG,2019,78.8,
ESTAT:TPS00205(1.0),14/03/24 11:00:00,A,YR,F,Y_LT1,BG,2020,77.5,
ESTAT:TPS00205(1.0),14/03/24 11:00:00,A,YR,F,Y_LT1,BG,2021,75.1,
ESTAT:TPS00205(1.0),14/03/24 11:00:00,A,YR,F,Y_LT1,BG,2022,77.9,b
ESTAT:TPS00205(1.0),14/03/24 11:00:00,A,YR,F,Y_LT1,BY,2011,76.9,
ESTAT:TPS00205(1.0),14/03/24 11:00:00,A,YR,F,Y_LT1,BY,2012,77.8,
ESTAT:TPS00205(1.0),14/03/24 11:00:00,A,YR,F,Y_LT1,BY,2013,78.0,
ESTAT:TPS00205(1.0),14/03/24 11:00:00,A,YR,F,Y_LT1,BY,2014,78.6,
ESTAT:TPS00205(1.0),14/03/24 11:00:00,A,YR,F,Y_LT1,BY,2015,79.0,
ESTAT:TPS00205(1.0),14/03/24 11:00:00,A,YR,F,Y_LT1,BY,2016,79.2,
ESTAT:TPS00205(1.0),14/03/24 11:00:00,A,YR,F,Y_LT1,BY,2017,79.3,
ESTAT:TPS00205(1.0),14/03/24 11:00:00,A,YR,F,Y_LT1,BY,2018,79.5,
ESTAT:TPS00205(1.0),14/03/24 11:00:00,A,YR,F,Y_LT1,CH,2011,85.0,b
ESTAT:TPS00205(1.0),14/03/24 11:00:00,A,YR,F,Y_LT1,CH,2012,84.9,
ESTAT:TPS00205(1.0),14/03/24 11:00:00,A,YR,F,Y_LT1,CH,2013,85.0,
ESTAT:TPS00205(1.0),14/03/24 11:00:00,A,YR,F,Y_LT1,CH,2014,85.4,
ESTAT:TPS00205(1.0),14/03/24 11:00:00,A,YR,F,Y_LT1,CH,2015,85.1,
ESTAT:TPS00205(1.0),14/03/24 11:00:00,A,YR,F,Y_LT1,CH,2016,85.6,
ESTAT:TPS00205(1.0),14/03/24 11:00:00,A,YR,F,Y_LT1,CH,2017,85.6,
ESTAT:TPS00205(1.0),14/03/24 11:00:00,A,YR,F,Y_LT1,CH,2018,85.7,
ESTAT:TPS00205(1.0),14/03/24 11:00:00,A,YR,F,Y_LT1,CH,2019,85.8,
ESTAT:TPS00205(1.0),14/03/24 11:00:00,A,YR,F,Y_LT1,CH,2020,85.1,
ESTAT:TPS00205(1.0),14/03/24 11:00:00,A,YR,F,Y_LT1,CH,2021,85.8,
ESTAT:TPS00205(1.0),14/03/24 11:00:00,A,YR,F,Y_LT1,CH,2022,85.5,
ESTAT:TPS00205(1.0),14/03/24 11:00:00,A,YR,F,Y_LT1,CY,2011,83.1,
ESTAT:TPS00205(1.0),14/03/24 11:00:00,A,YR,F,Y_LT1,CY,2012,83.4,
ESTAT:TPS00205(1.0),14/03/24 11:00:00,A,YR,F,Y_LT1,CY,2013,85.0,
ESTAT:TPS00205(1.0),14/03/24 11:00:00,A,YR,F,Y_LT1,CY,2014,84.3,
ESTAT:TPS00205(1.0),14/03/24 11:00:00,A,YR,F,Y_LT1,CY,2015,83.7,
ESTAT:TPS00205(1.0),14/03/24 11:00:00,A,YR,F,Y_LT1,CY,2016,84.9,
ESTAT:TPS00205(1.0),14/03/24 11:00:00,A,YR,F,Y_LT1,CY,2017,84.2,
ESTAT:TPS00205(1.0),14/03/24 11:00:00,A,YR,F,Y_LT1,CY,2018,84.8,
ESTAT:TPS00205(1.0),14/03/24 11:00:00,A,YR,F,Y_LT1,CY,2019,84.4,
ESTAT:TPS00205(1.0),14/03/24 11:00:00,A,YR,F,Y_LT1,CY,2020,84.4,
ESTAT:TPS00205(1.0),14/03/24 11:00:00,A,YR,F,Y_LT1,CY,2021,83.4,
ESTAT:TPS00205(1.0),14/03/24 11:00:00,A,YR,F,Y_LT1,CY,2022,83.4,
ESTAT:TPS00205(1.0),14/03/24 11:00:00,A,YR,F,Y_LT1,CZ,2011,81.1,
ESTAT:TPS00205(1.0),14/03/24 11:00:00,A,YR,F,Y_LT1,CZ,2012,81.2,
ESTAT:TPS00205(1.0),14/03/24 11:00:00,A,YR,F,Y_LT1,CZ,2013,81.3,
ESTAT:TPS00205(1.0),14/03/24 11:00:00,A,YR,F,Y_LT1,CZ,2014,82.0,
ESTAT:TPS00205(1.0),14/03/24 11:00:00,A,YR,F,Y_LT1,CZ,2015,81.6,
ESTAT:TPS00205(1.0),14/03/24 11:00:00,A,YR,F,Y_LT1,CZ,2016,82.1,
ESTAT:TPS00205(1.0),14/03/24 11:00:00,A,YR,F,Y_LT1,CZ,2017,82.0,
ESTAT:TPS00205(1.0),14/03/24 11:00:00,A,YR,F,Y_LT1,CZ,2018,82.0,
ESTAT:TPS00205(1.0),14/03/24 11:00:00,A,YR,F,Y_LT1,CZ,2019,82.2,
ESTAT:TPS00205(1.0),14/03/24 11:00:00,A,YR,F,Y_LT1,CZ,2020,81.3,b
ESTAT:TPS00205(1.0),14/03/24 11:00:00,A,YR,F,Y_LT1,CZ,2021,80.5,
ESTAT:TPS00205(1.0),14/03/24 11:00:00,A,YR,F,Y_LT1,CZ,2022,81.9,
ESTAT:TPS00205(1.0),14/03/24 11:00:00,A,YR,F,Y_LT1,DE,2011,83.1,b
ESTAT:TPS00205(1.0),14/03/24 11:00:00,A,YR,F,Y_LT1,DE,2012,83.1,
ESTAT:TPS00205(1.0),14/03/24 11:00:00,A,YR,F,Y_LT1,DE,2013,83.0,
ESTAT:TPS00205(1.0),14/03/24 11:00:00,A,YR,F,Y_LT1,DE,2014,83.6,
ESTAT:TPS00205(1.0),14/03/24 11:00:00,A,YR,F,Y_LT1,DE,2015,83.1,
ESTAT:TPS00205(1.0),14/03/24 11:00:00,A,YR,F,Y_LT1,DE,2016,83.5,
ESTAT:TPS00205(1.0),14/03/24 11:00:00,A,YR,F,Y_LT1,DE,2017,83.4,
ESTAT:TPS00205(1.0),14/03/24 11:00:00,A,YR,F,Y_LT1,DE,2018,83.3,
ESTAT:TPS00205(1.0),14/03/24 11:00:00,A,YR,F,Y_LT1,DE,2019,83.7,
ESTAT:TPS00205(1.0),14/03/24 11:00:00,A,YR,F,Y_LT1,DE,2020,83.5,
ESTAT:TPS00205(1.0),14/03/24 11:00:00,A,YR,F,Y_LT1,DE,2021,83.3,
ESTAT:TPS00205(1.0),14/03/24 11:00:00,A,YR,F,Y_LT1,DE,2022,83.0,
ESTAT:TPS00205(1.0),14/03/24 11:00:00,A,YR,F,Y_LT1,DK,2011,81.9,
ESTAT:TPS00205(1.0),14/03/24 11:00:00,A,YR,F,Y_LT1,DK,2012,82.1,
ESTAT:TPS00205(1.0),14/03/24 11:00:00,A,YR,F,Y_LT1,DK,2013,82.4,
ESTAT:TPS00205(1.0),14/03/24 11:00:00,A,YR,F,Y_LT1,DK,2014,82.8,
ESTAT:TPS00205(1.0),14/03/24 11:00:00,A,YR,F,Y_LT1,DK,2015,82.7,
ESTAT:TPS00205(1.0),14/03/24 11:00:00,A,YR,F,Y_LT1,DK,2016,82.8,
ESTAT:TPS00205(1.0),14/03/24 11:00:00,A,YR,F,Y_LT1,DK,2017,83.1,
ESTAT:TPS00205(1.0),14/03/24 11:00:00,A,YR,F,Y_LT1,DK,2018,82.9,
ESTAT:TPS00205(1.0),14/03/24 11:00:00,A,YR,F,Y_LT1,DK,2019,83.5,
ESTAT:TPS00205(1.0),14/03/24 11:00:00,A,YR,F,Y_LT1,DK,2020,83.6,
ESTAT:TPS00205(1.0),14/03/24 11:00:00,A,YR,F,Y_LT1,DK,2021,83.3,
ESTAT:TPS00205(1.0),14/03/24 11:00:00,A,YR,F,Y_LT1,DK,2022,83.2,
ESTAT:TPS00205(1.0),14/03/24 11:00:00,A,YR,F,Y_LT1,EA19,2011,84.1,b
ESTAT:TPS00205(1.0),14/03/24 11:00:00,A,YR,F,Y_LT1,EA19,2012,84.0,b
ESTAT:TPS00205(1.0),14/03/24 11:00:00,A,YR,F,Y_LT1,EA19,2013,84.3,
ESTAT:TPS00205(1.0),14/03/24 11:00:00,A,YR,F,Y_LT1,EA19,2014,84.7,b
ESTAT:TPS00205(1.0),14/03/24 11:00:00,A,YR,F,Y_LT1,EA19,2015,84.2,b
ESTAT:TPS00205(1.0),14/03/24 11:00:00,A,YR,F,Y_LT1,EA19,2016,84.6,
ESTAT:TPS00205(1.0),14/03/24 11:00:00,A,YR,F,Y_LT1,EA19,2017,84.5,b
ESTAT:TPS00205(1.0),14/03/24 11:00:00,A,YR,F,Y_LT1,EA19,2018,84.6,ep
ESTAT:TPS00205(1.0),14/03/24 11:00:00,A,YR,F,Y_LT1,EA19,2019,84.9,bep
ESTAT:TPS00205(1.0),14/03/24 11:00:00,A,YR,F,Y_LT1,EA19,2020,84.1,bp
ESTAT:TPS00205(1.0),14/03/24 11:00:00,A,YR,F,Y_LT1,EA19,2021,84.2,bp
ESTAT:TPS00205(1.0),14/03/24 11:00:00,A,YR,F,Y_LT1,EA19,2022,84.1,bp
ESTAT:TPS00205(1.0),14/03/24 11:00:00,A,YR,F,Y_LT1,EA20,2021,84.2,bp
ESTAT:TPS00205(1.0),14/03/24 11:00:00,A,YR,F,Y_LT1,EA20,2022,84.1,bp
ESTAT:TPS00205(1.0),14/03/24 11:00:00,A,YR,F,Y_LT1,EE,2011,81.3,
ESTAT:TPS00205(1.0),14/03/24 11:00:00,A,YR,F,Y_LT1,EE,2012,81.5,
ESTAT:TPS00205(1.0),14/03/24 11:00:00,A,YR,F,Y_LT1,EE,2013,81.7,
ESTAT:TPS00205(1.0),14/03/24 11:00:00,A,YR,F,Y_LT1,EE,2014,81.9,
ESTAT:TPS00205(1.0),14/03/24 11:00:00,A,YR,F,Y_LT1,EE,2015,82.2,b
ESTAT:TPS00205(1.0),14/03/24 11:00:00,A,YR,F,Y_LT1,EE,2016,82.2,
ESTAT:TPS00205(1.0),14/03/24 11:00:00,A,YR,F,Y_LT1,EE,2017,82.6,
ESTAT:TPS00205(1.0),14/03/24 11:00:00,A,YR,F,Y_LT1,EE,2018,82.7,
ESTAT:TPS00205(1.0),14/03/24 11:00:00,A,YR,F,Y_LT1,EE,2019,83.0,
ESTAT:TPS00205(1.0),14/03/24 11:00:00,A,YR,F,Y_LT1,EE,2020,83.0,
ESTAT:TPS00205(1.0),14/03/24 11:00:00,A,YR,F,Y_LT1,EE,2021,81.4,
ESTAT:TPS00205(1.0),14/03/24 11:00:00,A,YR,F,Y_LT1,EE,2022,82.3,
ESTAT:TPS00205(1.0),14/03/24 11:00:00,A,YR,F,Y_LT1,EL,2011,83.6,
ESTAT:TPS00205(1.0),14/03/24 11:00:00,A,YR,F,Y_LT1,EL,2012,83.4,
ESTAT:TPS00205(1.0),14/03/24 11:00:00,A,YR,F,Y_LT1,EL,2013,84.0,
ESTAT:TPS00205(1.0),14/03/24 11:00:00,A,YR,F,Y_LT1,EL,2014,84.1,
ESTAT:TPS00205(1.0),14/03/24 11:00:00,A,YR,F,Y_LT1,EL,2015,83.7,
ESTAT:TPS00205(1.0),14/03/24 11:00:00,A,YR,F,Y_LT1,EL,2016,84.0,
ESTAT:TPS00205(1.0),14/03/24 11:00:00,A,YR,F,Y_LT1,EL,2017,83.9,
ESTAT:TPS00205(1.0),14/03/24 11:00:00,A,YR,F,Y_LT1,EL,2018,84.4,
ESTAT:TPS00205(1.0),14/03/24 11:00:00,A,YR,F,Y_LT1,EL,2019,84.2,
ESTAT:TPS00205(1.0),14/03/24 11:00:00,A,YR,F,Y_LT1,EL,2020,83.9,
ESTAT:TPS00205(1.0),14/03/24 11:00:00,A,YR,F,Y_LT1,EL,2021,82.9,
ESTAT:TPS00205(1.0),14/03/24 11:00:00,A,YR,F,Y_LT1,EL,2022,83.4,
ESTAT:TPS00205(1.0),14/03/24 11:00:00,A,YR,F,Y_LT1,ES,2011,85.6,
ESTAT:TPS00205(1.0),14/03/24 11:00:00,A,YR,F,Y_LT1,ES,2012,85.5,
ESTAT:TPS00205(1.0),14/03/24 11:00:00,A,YR,F,Y_LT1,ES,2013,86.1,
ESTAT:TPS00205(1.0),14/03/24 11:00:00,A,YR,F,Y_LT1,ES,2014,86.2,
ESTAT:TPS00205(1.0),14/03/24 11:00:00,A,YR,F,Y_LT1,ES,2015,85.7,
ESTAT:TPS00205(1.0),14/03/24 11:00:00,A,YR,F,Y_LT1,ES,2016,86.3,
ESTAT:TPS00205(1.0),14/03/24 11:00:00,A,YR,F,Y_LT1,ES,2017,86.1,
ESTAT:TPS00205(1.0),14/03/24 11:00:00,A,YR,F,Y_LT1,ES,2018,86.3,
ESTAT:TPS00205(1.0),14/03/24 11:00:00,A,YR,F,Y_LT1,ES,2019,86.7,
ESTAT:TPS00205(1.0),14/03/24 11:00:00,A,YR,F,Y_LT1,ES,2020,85.2,
ESTAT:TPS00205(1.0),14/03/24 11:00:00,A,YR,F,Y_LT1,ES,2021,86.2,
ESTAT:TPS00205(1.0),14/03/24 11:00:00,A,YR,F,Y_LT1,ES,2022,85.9,
ESTAT:TPS00205(1.0),14/03/24 11:00:00,A,YR,F,Y_LT1,EU27_2020,2011,83.1,b
ESTAT:TPS00205(1.0),14/03/24 11:00:00,A,YR,F,Y_LT1,EU27_2020,2012,83.1,b
ESTAT:TPS00205(1.0),14/03/24 11:00:00,A,YR,F,Y_LT1,EU27_2020,2013,83.3,
ESTAT:TPS00205(1.0),14/03/24 11:00:00,A,YR,F,Y_LT1,EU27_2020,2014,83.7,b
ESTAT:TPS00205(1.0),14/03/24 11:00:00,A,YR,F,Y_LT1,EU27_2020,2015,83.3,b
ESTAT:TPS00205(1.0),14/03/24 11:00:00,A,YR,F,Y_LT1,EU27_2020,2016,83.7,
ESTAT:TPS00205(1.0),14/03/24 11:00:00,A,YR,F,Y_LT1,EU27_2020,2017,83.6,b
ESTAT:TPS00205(1.0),14/03/24 11:00:00,A,YR,F,Y_LT1,EU27_2020,2018,83.7,ep
ESTAT:TPS00205(1.0),14/03/24 11:00:00,A,YR,F,Y_LT1,EU27_2020,2019,84.0,bep
ESTAT:TPS00205(1.0),14/03/24 11:00:00,A,YR,F,Y_LT1,EU27_2020,2020,83.2,bep
ESTAT:TPS00205(1.0),14/03/24 11:00:00,A,YR,F,Y_LT1,EU27_2020,2021,82.9,bep
ESTAT:TPS00205(1.0),14/03/24 11:00:00,A,YR,F,Y_LT1,EU27_2020,2022,83.3,bep
ESTAT:TPS00205(1.0),14/03/24 11:00:00,A,YR,F,Y_LT1,FI,2011,83.8,
ESTAT:TPS00205(1.0),14/03/24 11:00:00,A,YR,F,Y_LT1,FI,2012,83.7,
ESTAT:TPS00205(1.0),14/03/24 11:00:00,A,YR,F,Y_LT1,FI,2013,84.1,
ESTAT:TPS00205(1.0),14/03/24 11:00:00,A,YR,F,Y_LT1,FI,2014,84.1,
ESTAT:TPS00205(1.0),14/03/24 11:00:00,A,YR,F,Y_LT1,FI,2015,84.4,
ESTAT:TPS00205(1.0),14/03/24 11:00:00,A,YR,F,Y_LT1,FI,2016,84.4,
ESTAT:TPS00205(1.0),14/03/24 11:00:00,A,YR,F,Y_LT1,FI,2017,84.5,
ESTAT:TPS00205(1.0),14/03/24 11:00:00,A,YR,F,Y_LT1,FI,2018,84.5,
ESTAT:TPS00205(1.0),14/03/24 11:00:00,A,YR,F,Y_LT1,FI,2019,84.8,
ESTAT:TPS00205(1.0),14/03/24 11:00:00,A,YR,F,Y_LT1,FI,2020,84.8,
ESTAT:TPS00205(1.0),14/03/24 11:00:00,A,YR,F,Y_LT1,FI,2021,84.6,
ESTAT:TPS00205(1.0),14/03/24 11:00:00,A,YR,F,Y_LT1,FI,2022,83.8,
ESTAT:TPS00205(1.0),14/03/24 11:00:00,A,YR,F,Y_LT1,FR,2011,85.7,
ESTAT:TPS00205(1.0),14/03/24 11:00:00,A,YR,F,Y_LT1,FR,2012,85.4,b
ESTAT:TPS00205(1.0),14/03/24 11:00:00,A,YR,F,Y_LT1,FR,2013,85.6,
ESTAT:TPS00205(1.0),14/03/24 11:00:00,A,YR,F,Y_LT1,FR,2014,86.1,b
ESTAT:TPS00205(1.0),14/03/24 11:00:00,A,YR,F,Y_LT1,FR,2015,85.6,
ESTAT:TPS00205(1.0),14/03/24 11:00:00,A,YR,F,Y_LT1,FR,2016,85.8,
ESTAT:TPS00205(1.0),14/03/24 11:00:00,A,YR,F,Y_LT1,FR,2017,85.7,
ESTAT:TPS00205(1.0),14/03/24 11:00:00,A,YR,F,Y_LT1,FR,2018,85.8,p
ESTAT:TPS00205(1.0),14/03/24 11:00:00,A,YR,F,Y_LT1,FR,2019,85.9,p
ESTAT:TPS00205(1.0),14/03/24 11:00:00,A,YR,F,Y_LT1,FR,2020,85.3,p
ESTAT:TPS00205(1.0),14/03/24 11:00:00,A,YR,F,Y_LT1,FR,2021,85.5,p
ESTAT:TPS00205(1.0),14/03/24 11:00:00,A,YR,F,Y_LT1,FR,2022,85.1,p
ESTAT:TPS00205(1.0),14/03/24 11:00:00,A,YR,F,Y_LT1,FX,2011,85.7,
ESTAT:TPS00205(1.0),14/03/24 11:00:00,A,YR,F,Y_LT1,FX,2012,85.4,
ESTAT:TPS00205(1.0),14/03/24 11:00:00,A,YR,F,Y_LT1,GE,2011,78.6,
ESTAT:TPS00205(1.0),14/03/24 11:00:00,A,YR,F,Y_LT1,GE,2014,78.2,
ESTAT:TPS00205(1.0),14/03/24 11:00:00,A,YR,F,Y_LT1,GE,2015,77.4,
ESTAT:TPS00205(1.0),14/03/24 11:00:00,A,YR,F,Y_LT1,GE,2016,77.2,
ESTAT:TPS00205(1.0),14/03/24 11:00:00,A,YR,F,Y_LT1,GE,2017,77.8,
ESTAT:TPS00205(1.0),14/03/24 11:00:00,A,YR,F,Y_LT1,GE,2018,78.2,
ESTAT:TPS00205(1.0),14/03/24 11:00:00,A,YR,F,Y_LT1,GE,2019,78.4,
ESTAT:TPS00205(1.0),14/03/24 11:00:00,A,YR,F,Y_LT1,HR,2011,80.4,
ESTAT:TPS00205(1.0),14/03/24 11:00:00,A,YR,F,Y_LT1,HR,2012,80.6,
ESTAT:TPS00205(1.0),14/03/24 11:00:00,A,YR,F,Y_LT1,HR,2013,81.0,
ESTAT:TPS00205(1.0),14/03/24 11:00:00,A,YR,F,Y_LT1,HR,2014,81.0,
ESTAT:TPS00205(1.0),14/03/24 11:00:00,A,YR,F,Y_LT1,HR,2015,80.5,
ESTAT:TPS00205(1.0),14/03/24 11:00:00,A,YR,F,Y_LT1,HR,2016,81.3,
ESTAT:TPS00205(1.0),14/03/24 11:00:00,A,YR,F,Y_LT1,HR,2017,81.0,
ESTAT:TPS00205(1.0),14/03/24 11:00:00,A,YR,F,Y_LT1,HR,2018,81.5,
ESTAT:TPS00205(1.0),14/03/24 11:00:00,A,YR,F,Y_LT1,HR,2019,81.6,
ESTAT:TPS00205(1.0),14/03/24 11:00:00,A,YR,F,Y_LT1,HR,2020,80.9,
ESTAT:TPS00205(1.0),14/03/24 11:00:00,A,YR,F,Y_LT1,HR,2021,79.8,b
ESTAT:TPS00205(1.0),14/03/24 11:00:00,A,YR,F,Y_LT1,HR,2022,80.8,b
ESTAT:TPS00205(1.0),14/03/24 11:00:00,A,YR,F,Y_LT1,HU,2011,78.7,
ESTAT:TPS00205(1.0),14/03/24 11:00:00,A,YR,F,Y_LT1,HU,2012,78.7,b
ESTAT:TPS00205(1.0),14/03/24 11:00:00,A,YR,F,Y_LT1,HU,2013,79.1,
ESTAT:TPS00205(1.0),14/03/24 11:00:00,A,YR,F,Y_LT1,HU,2014,79.4,
ESTAT:TPS00205(1.0),14/03/24 11:00:00,A,YR,F,Y_LT1,HU,2015,79.0,
ESTAT:TPS00205(1.0),14/03/24 11:00:00,A,YR,F,Y_LT1,HU,2016,79.7,
ESTAT:TPS00205(1.0),14/03/24 11:00:00,A,YR,F,Y_LT1,HU,2017,79.3,
ESTAT:TPS00205(1.0),14/03/24 11:00:00,A,YR,F,Y_LT1,HU,2018,79.6,
ESTAT:TPS00205(1.0),14/03/24 11:00:00,A,YR,F,Y_LT1,HU,2019,79.7,
ESTAT:TPS00205(1.0),14/03/24 11:00:00,A,YR,F,Y_LT1,HU,2020,79.0,
ESTAT:TPS00205(1.0),14/03/24 11:00:00,A,YR,F,Y_LT1,HU,2021,77.8,
ESTAT:TPS00205(1.0),14/03/24 11:00:00,A,YR,F,Y_LT1,HU,2022,79.3,b
ESTAT:TPS00205(1.0),14/03/24 11:00:00,A,YR,F,Y_LT1,IE,2011,83.0,
ESTAT:TPS00205(1.0),14/03/24 11:00:00,A,YR,F,Y_LT1,IE,2012,83.1,
ESTAT:TPS00205(1.0),14/03/24 11:00:00,A,YR,F,Y_LT1,IE,2013,83.1,
ESTAT:TPS00205(1.0),14/03/24 11:00:00,A,YR,F,Y_LT1,IE,2014,83.5,
ESTAT:TPS00205(1.0),14/03/24 11:00:00,A,YR,F,Y_LT1,IE,2015,83.4,
ESTAT:TPS00205(1.0),14/03/24 11:00:00,A,YR,F,Y_LT1,IE,2016,83.6,
ESTAT:TPS00205(1.0),14/03/24 11:00:00,A,YR,F,Y_LT1,IE,2017,84.0,
ESTAT:TPS00205(1.0),14/03/24 11:00:00,A,YR,F,Y_LT1,IE,2018,84.1,e
ESTAT:TPS00205(1.0),14/03/24 11:00:00,A,YR,F,Y_LT1,IE,2019,84.7,e
ESTAT:TPS00205(1.0),14/03/24 11:00:00,A,YR,F,Y_LT1,IE,2020,84.4,
ESTAT:TPS00205(1.0),14/03/24 11:00:00,A,YR,F,Y_LT1,IE,2021,84.3,
ESTAT:TPS00205(1.0),14/03/24 11:00:00,A,YR,F,Y_LT1,IE,2022,84.2,
ESTAT:TPS00205(1.0),14/03/24 11:00:00,A,YR,F,Y_LT1,IS,2011,84.1,
ESTAT:TPS00205(1.0),14/03/24 11:00:00,A,YR,F,Y_LT1,IS,2012,84.3,
ESTAT:TPS00205(1.0),14/03/24 11:00:00,A,YR,F,Y_LT1,IS,2013,83.7,
ESTAT:TPS00205(1.0),14/03/24 11:00:00,A,YR,F,Y_LT1,IS,2014,84.5,
ESTAT:TPS00205(1.0),14/03/24 11:00:00,A,YR,F,Y_LT1,IS,2015,83.8,
ESTAT:TPS00205(1.0),14/03/24 11:00:00,A,YR,F,Y_LT1,IS,2016,84.1,
ESTAT:TPS00205(1.0),14/03/24 11:00:00,A,YR,F,Y_LT1,IS,2017,84.3,
ESTAT:TPS00205(1.0),14/03/24 11:00:00,A,YR,F,Y_LT1,IS,2018,84.5,
ESTAT:TPS00205(1.0),14/03/24 11:00:00,A,YR,F,Y_LT1,IS,2019,84.7,
ESTAT:TPS00205(1.0),14/03/24 11:00:00,A,YR,F,Y_LT1,IS,2020,84.6,
ESTAT:TPS00205(1.0),14/03/24 11:00:00,A,YR,F,Y_LT1,IS,2021,84.6,
ESTAT:TPS00205(1.0),14/03/24 11:00:00,A,YR,F,Y_LT1,IS,2022,83.4,
ESTAT:TPS00205(1.0),14/03/24 11:00:00,A,YR,F,Y_LT1,IT,2011,84.8,
ESTAT:TPS00205(1.0),14/03/24 11:00:00,A,YR,F,Y_LT1,IT,2012,84.8,
ESTAT:TPS00205(1.0),14/03/24 11:00:00,A,YR,F,Y_LT1,IT,2013,85.2,
ESTAT:TPS00205(1.0),14/03/24 11:00:00,A,YR,F,Y_LT1,IT,2014,85.6,
ESTAT:TPS00205(1.0),14/03/24 11:00:00,A,YR,F,Y_LT1,IT,2015,84.9,
ESTAT:TPS00205(1.0),14/03/24 11:00:00,A,YR,F,Y_LT1,IT,2016,85.6,
ESTAT:TPS00205(1.0),14/03/24 11:00:00,A,YR,F,Y_LT1,IT,2017,85.2,
ESTAT:TPS00205(1.0),14/03/24 11:00:00,A,YR,F,Y_LT1,IT,2018,85.6,
ESTAT:TPS00205(1.0),14/03/24 11:00:00,A,YR,F,Y_LT1,IT,2019,85.7,b
ESTAT:TPS00205(1.0),14/03/24 11:00:00,A,YR,F,Y_LT1,IT,2020,84.5,
ESTAT:TPS00205(1.0),14/03/24 11:00:00,A,YR,F,Y_LT1,IT,2021,84.9,
ESTAT:TPS00205(1.0),14/03/24 11:00:00,A,YR,F,Y_LT1,IT,2022,84.8,
ESTAT:TPS00205(1.0),14/03/24 11:00:00,A,YR,F,Y_LT1,LI,2011,84.2,
ESTAT:TPS00205(1.0),14/03/24 11:00:00,A,YR,F,Y_LT1,LI,2012,85.2,
ESTAT:TPS00205(1.0),14/03/24 11:00:00,A,YR,F,Y_LT1,LI,2013,83.9,
ESTAT:TPS00205(1.0),14/03/24 11:00:00,A,YR,F,Y_LT1,LI,2014,83.2,
ESTAT:TPS00205(1.0),14/03/24 11:00:00,A,YR,F,Y_LT1,LI,2015,84.5,
ESTAT:TPS00205(1.0),14/03/24 11:00:00,A,YR,F,Y_LT1,LI,2016,84.0,
ESTAT:TPS00205(1.0),14/03/24 11:00:00,A,YR,F,Y_LT1,LI,2017,86.0,
ESTAT:TPS00205(1.0),14/03/24 11:00:00,A,YR,F,Y_LT1,LI,2018,85.5,
ESTAT:TPS00205(1.0),14/03/24 11:00:00,A,YR,F,Y_LT1,LI,2019,85.8,
ESTAT:TPS00205(1.0),14/03/24 11:00:00,A,YR,F,Y_LT1,LI,2020,83.4,
ESTAT:TPS00205(1.0),14/03/24 11:00:00,A,YR,F,Y_LT1,LI,2021,86.4,e
ESTAT:TPS00205(1.0),14/03/24 11:00:00,A,YR,F,Y_LT1,LI,2022,85.3,
ESTAT:TPS00205(1.0),14/03/24 11:00:00,A,YR,F,Y_LT1,LT,2011,79.3,
ESTAT:TPS00205(1.0),14/03/24 11:00:00,A,YR,F,Y_LT1,LT,2012,79.6,
ESTAT:TPS00205(1.0),14/03/24 11:00:00,A,YR,F,Y_LT1,LT,2013,79.6,
ESTAT:TPS00205(1.0),14/03/24 11:00:00,A,YR,F,Y_LT1,LT,2014,80.1,
ESTAT:TPS00205(1.0),14/03/24 11:00:00,A,YR,F,Y_LT1,LT,2015,79.7,
ESTAT:TPS00205(1.0),14/03/24 11:00:00,A,YR,F,Y_LT1,LT,2016,80.1,
ESTAT:TPS00205(1.0),14/03/24 11:00:00,A,YR,F,Y_LT1,LT,2017,80.5,
ESTAT:TPS00205(1.0),14/03/24 11:00:00,A,YR,F,Y_LT1,LT,2018,80.7,
ESTAT:TPS00205(1.0),14/03/24 11:00:00,A,YR,F,Y_LT1,LT,2019,81.2,
ESTAT:TPS00205(1.0),14/03/24 11:00:00,A,YR,F,Y_LT1,LT,2020,80.1,
ESTAT:TPS00205(1.0),14/03/24 11:00:00,A,YR,F,Y_LT1,LT,2021,78.8,
ESTAT:TPS00205(1.0),14/03/24 11:00:00,A,YR,F,Y_LT1,LT,2022,80.1,
ESTAT:TPS00205(1.0),14/03/24 11:00:00,A,YR,F,Y_LT1,LU,2011,83.6,
ESTAT:TPS00205(1.0),14/03/24 11:00:00,A,YR,F,Y_LT1,LU,2012,83.8,b
ESTAT:TPS00205(1.0),14/03/24 11:00:00,A,YR,F,Y_LT1,LU,2013,83.9,
ESTAT:TPS00205(1.0),14/03/24 11:00:00,A,YR,F,Y_LT1,LU,2014,85.2,
ESTAT:TPS00205(1.0),14/03/24 11:00:00,A,YR,F,Y_LT1,LU,2015,84.7,
ESTAT:TPS00205(1.0),14/03/24 11:00:00,A,YR,F,Y_LT1,LU,2016,85.4,
ESTAT:TPS00205(1.0),14/03/24 11:00:00,A,YR,F,Y_LT1,LU,2017,84.4,b
ESTAT:TPS00205(1.0),14/03/24 11:00:00,A,YR,F,Y_LT1,LU,2018,84.6,
ESTAT:TPS00205(1.0),14/03/24 11:00:00,A,YR,F,Y_LT1,LU,2019,85.2,
ESTAT:TPS00205(1.0),14/03/24 11:00:00,A,YR,F,Y_LT1,LU,2020,84.5,
ESTAT:TPS00205(1.0),14/03/24 11:00:00,A,YR,F,Y_LT1,LU,2021,84.8,
ESTAT:TPS00205(1.0),14/03/24 11:00:00,A,YR,F,Y_LT1,LU,2022,85.2,
ESTAT:TPS00205(1.0),14/03/24 11:00:00,A,YR,F,Y_LT1,LV,2011,78.8,
ESTAT:TPS00205(1.0),14/03/24 11:00:00,A,YR,F,Y_LT1,LV,2012,78.9,
ESTAT:TPS00205(1.0),14/03/24 11:00:00,A,YR,F,Y_LT1,LV,2013,78.9,
ESTAT:TPS00205(1.0),14/03/24 11:00:00,A,YR,F,Y_LT1,LV,2014,79.4,
ESTAT:TPS00205(1.0),14/03/24 11:00:00,A,YR,F,Y_LT1,LV,2015,79.5,
ESTAT:TPS00205(1.0),14/03/24 11:00:00,A,YR,F,Y_LT1,LV,2016,79.6,
ESTAT:TPS00205(1.0),14/03/24 11:00:00,A,YR,F,Y_LT1,LV,2017,79.7,
ESTAT:TPS00205(1.0),14/03/24 11:00:00,A,YR,F,Y_LT1,LV,2018,79.7,
ESTAT:TPS00205(1.0),14/03/24 11:00:00,A,YR,F,Y_LT1,LV,2019,80.1,
ESTAT:TPS00205(1.0),14/03/24 11:00:00,A,YR,F,Y_LT1,LV,2020,80.0,
ESTAT:TPS00205(1.0),14/03/24 11:00:00,A,YR,F,Y_LT1,LV,2021,78.0,
ESTAT:TPS00205(1.0),14/03/24 11:00:00,A,YR,F,Y_LT1,LV,2022,79.4,
ESTAT:TPS00205(1.0),14/03/24 11:00:00,A,YR,F,Y_LT1,MD,2011,75.0,
ESTAT:TPS00205(1.0),14/03/24 11:00:00,A,YR,F,Y_LT1,MD,2012,74.9,
ESTAT:TPS00205(1.0),14/03/24 11:00:00,A,YR,F,Y_LT1,ME,2011,78.8,
ESTAT:TPS00205(1.0),14/03/24 11:00:00,A,YR,F,Y_LT1,ME,2012,78.3,
ESTAT:TPS00205(1.0),14/03/24 11:00:00,A,YR,F,Y_LT1,ME,2013,79.0,
ESTAT:TPS00205(1.0),14/03/24 11:00:00,A,YR,F,Y_LT1,ME,2014,78.9,
ESTAT:TPS00205(1.0),14/03/24 11:00:00,A,YR,F,Y_LT1,ME,2015,78.6,
ESTAT:TPS00205(1.0),14/03/24 11:00:00,A,YR,F,Y_LT1,ME,2016,78.9,
ESTAT:TPS00205(1.0),14/03/24 11:00:00,A,YR,F,Y_LT1,ME,2017,79.2,
ESTAT:TPS00205(1.0),14/03/24 11:00:00,A,YR,F,Y_LT1,ME,2018,79.3,
ESTAT:TPS00205(1.0),14/03/24 11:00:00,A,YR,F,Y_LT1,ME,2019,79.5,
ESTAT:TPS00205(1.0),14/03/24 11:00:00,A,YR,F,Y_LT1,ME,2020,78.8,
ESTAT:TPS00205(1.0),14/03/24 11:00:00,A,YR,F,Y_LT1,ME,2021,77.0,
ESTAT:TPS00205(1.0),14/03/24 11:00:00,A,YR,F,Y_LT1,MK,2011,77.2,
ESTAT:TPS00205(1.0),14/03/24 11:00:00,A,YR,F,Y_LT1,MK,2012,76.9,
ESTAT:TPS00205(1.0),14/03/24 11:00:00,A,YR,F,Y_LT1,MK,2013,77.5,
ESTAT:TPS00205(1.0),14/03/24 11:00:00,A,YR,F,Y_LT1,MK,2014,77.5,
ESTAT:TPS00205(1.0),14/03/24 11:00:00,A,YR,F,Y_LT1,MK,2015,77.4,
ESTAT:TPS00205(1.0),14/03/24 11:00:00,A,YR,F,Y_LT1,MK,2016,77.5,
ESTAT:TPS00205(1.0),14/03/24 11:00:00,A,YR,F,Y_LT1,MK,2017,77.9,
ESTAT:TPS00205(1.0),14/03/24 11:00:00,A,YR,F,Y_LT1,MK,2018,78.8,
ESTAT:TPS00205(1.0),14/03/24 11:00:00,A,YR,F,Y_LT1,MK,2019,78.6,
ESTAT:TPS00205(1.0),14/03/24 11:00:00,A,YR,F,Y_LT1,MK,2020,76.7,
ESTAT:TPS00205(1.0),14/03/24 11:00:00,A,YR,F,Y_LT1,MK,2021,75.5,b
ESTAT:TPS00205(1.0),14/03/24 11:00:00,A,YR,F,Y_LT1,MT,2011,83.0,
ESTAT:TPS00205(1.0),14/03/24 11:00:00,A,YR,F,Y_LT1,MT,2012,83.0,
ESTAT:TPS00205(1.0),14/03/24 11:00:00,A,YR,F,Y_LT1,MT,2013,84.0,
ESTAT:TPS00205(1.0),14/03/24 11:00:00,A,YR,F,Y_LT1,MT,2014,84.3,
ESTAT:TPS00205(1.0),14/03/24 11:00:00,A,YR,F,Y_LT1,MT,2015,84.1,
ESTAT:TPS00205(1.0),14/03/24 11:00:00,A,YR,F,Y_LT1,MT,2016,84.4,
ESTAT:TPS00205(1.0),14/03/24 11:00:00,A,YR,F,Y_LT1,MT,2017,84.6,
ESTAT:TPS00205(1.0),14/03/24 11:00:00,A,YR,F,Y_LT1,MT,2018,84.6,
ESTAT:TPS00205(1.0),14/03/24 11:00:00,A,YR,F,Y_LT1,MT,2019,84.6,
ESTAT:TPS00205(1.0),14/03/24 11:00:00,A,YR,F,Y_LT1,MT,2020,84.5,
ESTAT:TPS00205(1.0),14/03/24 11:00:00,A,YR,F,Y_LT1,MT,2021,84.3,p
ESTAT:TPS00205(1.0),14/03/24 11:00:00,A,YR,F,Y_LT1,MT,2022,84.6,p
ESTAT:TPS00205(1.0),14/03/24 11:00:00,A,YR,F,Y_LT1,NL,2011,83.1,
ESTAT:TPS00205(1.0),14/03/24 11:00:00,A,YR,F,Y_LT1,NL,2012,83.0,
ESTAT:TPS00205(1.0),14/03/24 11:00:00,A,YR,F,Y_LT1,NL,2013,83.2,
ESTAT:TPS00205(1.0),14/03/24 11:00:00,A,YR,F,Y_LT1,NL,2014,83.5,
ESTAT:TPS00205(1.0),14/03/24 11:00:00,A,YR,F,Y_LT1,NL,2015,83.2,
ESTAT:TPS00205(1.0),14/03/24 11:00:00,A,YR,F,Y_LT1,NL,2016,83.2,
ESTAT:TPS00205(1.0),14/03/24 11:00:00,A,YR,F,Y_LT1,NL,2017,83.4,
ESTAT:TPS00205(1.0),14/03/24 11:00:00,A,YR,F,Y_LT1,NL,2018,83.4,
ESTAT:TPS00205(1.0),14/03/24 11:00:00,A,YR,F,Y_LT1,NL,2019,83.7,
ESTAT:TPS00205(1.0),14/03/24 11:00:00,A,YR,F,Y_LT1,NL,2020,83.1,
ESTAT:TPS00205(1.0),14/03/24 11:00:00,A,YR,F,Y_LT1,NL,2021,83.0,
ESTAT:TPS00205(1.0),14/03/24 11:00:00,A,YR,F,Y_LT1,NL,2022,83.1,
ESTAT:TPS00205(1.0),14/03/24 11:00:00,A,YR,F,Y_LT1,NO,2011,83.6,
ESTAT:TPS00205(1.0),14/03/24 11:00:00,A,YR,F,Y_LT1,NO,2012,83.5,
ESTAT:TPS00205(1.0),14/03/24 11:00:00,A,YR,F,Y_LT1,NO,2013,83.8,
ESTAT:TPS00205(1.0),14/03/24 11:00:00,A,YR,F,Y_LT1,NO,2014,84.2,
ESTAT:TPS00205(1.0),14/03/24 11:00:00,A,YR,F,Y_LT1,NO,2015,84.2,
ESTAT:TPS00205(1.0),14/03/24 11:00:00,A,YR,F,Y_LT1,NO,2016,84.2,
ESTAT:TPS00205(1.0),14/03/24 11:00:00,A,YR,F,Y_LT1,NO,2017,84.3,
ESTAT:TPS00205(1.0),14/03/24 11:00:00,A,YR,F,Y_LT1,NO,2018,84.5,
ESTAT:TPS00205(1.0),14/03/24 11:00:00,A,YR,F,Y_LT1,NO,2019,84.7,
ESTAT:TPS00205(1.0),14/03/24 11:00:00,A,YR,F,Y_LT1,NO,2020,84.9,
ESTAT:TPS00205(1.0),14/03/24 11:00:00,A,YR,F,Y_LT1,NO,2021,84.7,
ESTAT:TPS00205(1.0),14/03/24 11:00:00,A,YR,F,Y_LT1,NO,2022,84.2,
ESTAT:TPS00205(1.0),14/03/24 11:00:00,A,YR,F,Y_LT1,PL,2011,81.1,
ESTAT:TPS00205(1.0),14/03/24 11:00:00,A,YR,F,Y_LT1,PL,2012,81.1,
ESTAT:TPS00205(1.0),14/03/24 11:00:00,A,YR,F,Y_LT1,PL,2013,81.2,
ESTAT:TPS00205(1.0),14/03/24 11:00:00,A,YR,F,Y_LT1,PL,2014,81.7,
ESTAT:TPS00205(1.0),14/03/24 11:00:00,A,YR,F,Y_LT1,PL,2015,81.6,
ESTAT:TPS00205(1.0),14/03/24 11:00:00,A,YR,F,Y_LT1,PL,2016,82.0,
ESTAT:TPS00205(1.0),14/03/24 11:00:00,A,YR,F,Y_LT1,PL,2017,81.8,
ESTAT:TPS00205(1.0),14/03/24 11:00:00,A,YR,F,Y_LT1,PL,2018,81.7,
ESTAT:TPS00205(1.0),14/03/24 11:00:00,A,YR,F,Y_LT1,PL,2019,81.9,
ESTAT:TPS00205(1.0),14/03/24 11:00:00,A,YR,F,Y_LT1,PL,2020,80.7,ep
ESTAT:TPS00205(1.0),14/03/24 11:00:00,A,YR,F,Y_LT1,PL,2021,79.6,ep
ESTAT:TPS00205(1.0),14/03/24 11:00:00,A,YR,F,Y_LT1,PL,2022,81.1,b
ESTAT:TPS00205(1.0),14/03/24 11:00:00,A,YR,F,Y_LT1,PT,2011,83.8,
ESTAT:TPS00205(1.0),14/03/24 11:00:00,A,YR,F,Y_LT1,PT,2012,83.6,
ESTAT:TPS00205(1.0),14/03/24 11:00:00,A,YR,F,Y_LT1,PT,2013,84.0,
ESTAT:TPS00205(1.0),14/03/24 11:00:00,A,YR,F,Y_LT1,PT,2014,84.4,
ESTAT:TPS00205(1.0),14/03/24 11:00:00,A,YR,F,Y_LT1,PT,2015,84.3,
ESTAT:TPS00205(1.0),14/03/24 11:00:00,A,YR,F,Y_LT1,PT,2016,84.3,
ESTAT:TPS00205(1.0),14/03/24 11:00:00,A,YR,F,Y_LT1,PT,2017,84.6,
ESTAT:TPS00205(1.0),14/03/24 11:00:00,A,YR,F,Y_LT1,PT,2018,84.5,
ESTAT:TPS00205(1.0),14/03/24 11:00:00,A,YR,F,Y_LT1,PT,2019,84.8,
ESTAT:TPS00205(1.0),14/03/24 11:00:00,A,YR,F,Y_LT1,PT,2020,84.1,
ESTAT:TPS00205(1.0),14/03/24 11:00:00,A,YR,F,Y_LT1,PT,2021,84.4,bp
ESTAT:TPS00205(1.0),14/03/24 11:00:00,A,YR,F,Y_LT1,PT,2022,84.5,bp
ESTAT:TPS00205(1.0),14/03/24 11:00:00,A,YR,F,Y_LT1,RO,2011,78.2,
ESTAT:TPS00205(1.0),14/03/24 11:00:00,A,YR,F,Y_LT1,RO,2012,78.1,
ESTAT:TPS00205(1.0),14/03/24 11:00:00,A,YR,F,Y_LT1,RO,2013,78.7,
ESTAT:TPS00205(1.0),14/03/24 11:00:00,A,YR,F,Y_LT1,RO,2014,78.7,
ESTAT:TPS00205(1.0),14/03/24 11:00:00,A,YR,F,Y_LT1,RO,2015,78.6,
ESTAT:TPS00205(1.0),14/03/24 11:00:00,A,YR,F,Y_LT1,RO,2016,79.0,
ESTAT:TPS00205(1.0),14/03/24 11:00:00,A,YR,F,Y_LT1,RO,2017,79.0,
ESTAT:TPS00205(1.0),14/03/24 11:00:00,A,YR,F,Y_LT1,RO,2018,79.2,
ESTAT:TPS00205(1.0),14/03/24 11:00:00,A,YR,F,Y_LT1,RO,2019,79.5,e
ESTAT:TPS00205(1.0),14/03/24 11:00:00,A,YR,F,Y_LT1,RO,2020,78.3,e
ESTAT:TPS00205(1.0),14/03/24 11:00:00,A,YR,F,Y_LT1,RO,2021,76.6,e
ESTAT:TPS00205(1.0),14/03/24 11:00:00,A,YR,F,Y_LT1,RO,2022,79.2,e
ESTAT:TPS00205(1.0),14/03/24 11:00:00,A,YR,F,Y_LT1,RS,2011,77.2,b
ESTAT:TPS00205(1.0),14/03/24 11:00:00,A,YR,F,Y_LT1,RS,2012,77.5,
ESTAT:TPS00205(1.0),14/03/24 11:00:00,A,YR,F,Y_LT1,RS,2013,77.9,
ESTAT:TPS00205(1.0),14/03/24 11:00:00,A,YR,F,Y_LT1,RS,2014,78.0,
ESTAT:TPS00205(1.0),14/03/24 11:00:00,A,YR,F,Y_LT1,RS,2015,77.9,
ESTAT:TPS00205(1.0),14/03/24 11:00:00,A,YR,F,Y_LT1,RS,2016,78.3,
ESTAT:TPS00205(1.0),14/03/24 11:00:00,A,YR,F,Y_LT1,RS,2017,78.1,
ESTAT:TPS00205(1.0),14/03/24 11:00:00,A,YR,F,Y_LT1,RS,2018,78.4,
ESTAT:TPS00205(1.0),14/03/24 11:00:00,A,YR,F,Y_LT1,RS,2019,78.6,
ESTAT:TPS00205(1.0),14/03/24 11:00:00,A,YR,F,Y_LT1,RS,2020,77.5,
ESTAT:TPS00205(1.0),14/03/24 11:00:00,A,YR,F,Y_LT1,RS,2021,75.7,
ESTAT:TPS00205(1.0),14/03/24 11:00:00,A,YR,F,Y_LT1,RS,2022,77.9,b
ESTAT:TPS00205(1.0),14/03/24 11:00:00,A,YR,F,Y_LT1,SE,2011,83.8,
ESTAT:TPS00205(1.0),14/03/24 11:00:00,A,YR,F,Y_LT1,SE,2012,83.6,
ESTAT:TPS00205(1.0),14/03/24 11:00:00,A,YR,F,Y_LT1,SE,2013,83.8,
ESTAT:TPS00205(1.0),14/03/24 11:00:00,A,YR,F,Y_LT1,SE,2014,84.2,
ESTAT:TPS00205(1.0),14/03/24 11:00:00,A,YR,F,Y_LT1,SE,2015,84.1,
ESTAT:TPS00205(1.0),14/03/24 11:00:00,A,YR,F,Y_LT1,SE,2016,84.1,
ESTAT:TPS00205(1.0),14/03/24 11:00:00,A,YR,F,Y_LT1,SE,2017,84.1,
ESTAT:TPS00205(1.0),14/03/24 11:00:00,A,YR,F,Y_LT1,SE,2018,84.3,
ESTAT:TPS00205(1.0),14/03/24 11:00:00,A,YR,F,Y_LT1,SE,2019,84.8,
ESTAT:TPS00205(1.0),14/03/24 11:00:00,A,YR,F,Y_LT1,SE,2020,84.2,
ESTAT:TPS00205(1.0),14/03/24 11:00:00,A,YR,F,Y_LT1,SE,2021,84.9,
ESTAT:TPS00205(1.0),14/03/24 11:00:00,A,YR,F,Y_LT1,SE,2022,84.8,
ESTAT:TPS00205(1.0),14/03/24 11:00:00,A,YR,F,Y_LT1,SI,2011,83.3,
ESTAT:TPS00205(1.0),14/03/24 11:00:00,A,YR,F,Y_LT1,SI,2012,83.3,
ESTAT:TPS00205(1.0),14/03/24 11:00:00,A,YR,F,Y_LT1,SI,2013,83.6,
ESTAT:TPS00205(1.0),14/03/24 11:00:00,A,YR,F,Y_LT1,SI,2014,84.1,
ESTAT:TPS00205(1.0),14/03/24 11:00:00,A,YR,F,Y_LT1,SI,2015,83.9,
ESTAT:TPS00205(1.0),14/03/24 11:00:00,A,YR,F,Y_LT1,SI,2016,84.3,
ESTAT:TPS00205(1.0),14/03/24 11:00:00,A,YR,F,Y_LT1,SI,2017,84.0,
ESTAT:TPS00205(1.0),14/03/24 11:00:00,A,YR,F,Y_LT1,SI,2018,84.4,
ESTAT:TPS00205(1.0),14/03/24 11:00:00,A,YR,F,Y_LT1,SI,2019,84.5,
ESTAT:TPS00205(1.0),14/03/24 11:00:00,A,YR,F,Y_LT1,SI,2020,83.4,
ESTAT:TPS00205(1.0),14/03/24 11:00:00,A,YR,F,Y_LT1,SI,2021,83.8,
ESTAT:TPS00205(1.0),14/03/24 11:00:00,A,YR,F,Y_LT1,SI,2022,84.1,
ESTAT:TPS00205(1.0),14/03/24 11:00:00,A,YR,F,Y_LT1,SK,2011,79.8,
ESTAT:TPS00205(1.0),14/03/24 11:00:00,A,YR,F,Y_LT1,SK,2012,79.9,
ESTAT:TPS00205(1.0),14/03/24 11:00:00,A,YR,F,Y_LT1,SK,2013,80.1,
ESTAT:TPS00205(1.0),14/03/24 11:00:00,A,YR,F,Y_LT1,SK,2014,80.5,
ESTAT:TPS00205(1.0),14/03/24 11:00:00,A,YR,F,Y_LT1,SK,2015,80.2,
ESTAT:TPS00205(1.0),14/03/24 11:00:00,A,YR,F,Y_LT1,SK,2016,80.7,
ESTAT:TPS00205(1.0),14/03/24 11:00:00,A,YR,F,Y_LT1,SK,2017,80.7,
ESTAT:TPS00205(1.0),14/03/24 11:00:00,A,YR,F,Y_LT1,SK,2018,80.8,
ESTAT:TPS00205(1.0),14/03/24 11:00:00,A,YR,F,Y_LT1,SK,2019,81.2,
ESTAT:TPS00205(1.0),14/03/24 11:00:00,A,YR,F,Y_LT1,SK,2020,80.4,
ESTAT:TPS00205(1.0),14/03/24 11:00:00,A,YR,F,Y_LT1,SK,2021,78.2,
ESTAT:TPS00205(1.0),14/03/24 11:00:00,A,YR,F,Y_LT1,SK,2022,80.5,
ESTAT:TPS00205(1.0),14/03/24 11:00:00,A,YR,F,Y_LT1,SM,2012,86.8,
ESTAT:TPS00205(1.0),14/03/24 11:00:00,A,YR,F,Y_LT1,TR,2011,79.8,
ESTAT:TPS00205(1.0),14/03/24 11:00:00,A,YR,F,Y_LT1,TR,2012,80.5,
ESTAT:TPS00205(1.0),14/03/24 11:00:00,A,YR,F,Y_LT1,TR,2013,81.1,
ESTAT:TPS00205(1.0),14/03/24 11:00:00,A,YR,F,Y_LT1,TR,2014,80.9,
ESTAT:TPS00205(1.0),14/03/24 11:00:00,A,YR,F,Y_LT1,TR,2015,81.0,
ESTAT:TPS00205(1.0),14/03/24 11:00:00,A,YR,F,Y_LT1,TR,2016,81.0,
ESTAT:TPS00205(1.0),14/03/24 11:00:00,A,YR,F,Y_LT1,TR,2017,81.3,
ESTAT:TPS00205(1.0),14/03/24 11:00:00,A,YR,F,Y_LT1,TR,2018,81.6,
ESTAT:TPS00205(1.0),14/03/24 11:00:00,A,YR,F,Y_LT1,TR,2019,81.8,
ESTAT:TPS00205(1.0),14/03/24 11:00:00,A,YR,F,Y_LT1,TR,2022,78.4,
ESTAT:TPS00205(1.0),14/03/24 11:00:00,A,YR,F,Y_LT1,UA,2011,76.0,
ESTAT:TPS00205(1.0),14/03/24 11:00:00,A,YR,F,Y_LT1,UA,2012,76.1,
ESTAT:TPS00205(1.0),14/03/24 11:00:00,A,YR,F,Y_LT1,UA,2014,76.7,
ESTAT:TPS00205(1.0),14/03/24 11:00:00,A,YR,F,Y_LT1,UA,2015,77.3,
ESTAT:TPS00205(1.0),14/03/24 11:00:00,A,YR,F,Y_LT1,UA,2016,77.6,
ESTAT:TPS00205(1.0),14/03/24 11:00:00,A,YR,F,Y_LT1,UA,2017,78.0,
ESTAT:TPS00205(1.0),14/03/24 11:00:00,A,YR,F,Y_LT1,UA,2018,78.0,
ESTAT:TPS00205(1.0),14/03/24 11:00:00,A,YR,F,Y_LT1,UA,2019,78.3,
ESTAT:TPS00205(1.0),14/03/24 11:00:00,A,YR,F,Y_LT1,UK,2011,83.0,
ESTAT:TPS00205(1.0),14/03/24 11:00:00,A,YR,F,Y_LT1,UK,2012,82.8,
ESTAT:TPS00205(1.0),14/03/24 11:00:00,A,YR,F,Y_LT1,UK,2013,82.9,
ESTAT:TPS00205(1.0),14/03/24 11:00:00,A,YR,F,Y_LT1,UK,2014,83.2,
ESTAT:TPS00205(1.0),14/03/24 11:00:00,A,YR,F,Y_LT1,UK,2015,82.8,
ESTAT:TPS00205(1.0),14/03/24 11:00:00,A,YR,F,Y_LT1,UK,2016,83.0,
ESTAT:TPS00205(1.0),14/03/24 11:00:00,A,YR,F,Y_LT1,UK,2017,83.1,
ESTAT:TPS00205(1.0),14/03/24 11:00:00,A,YR,F,Y_LT1,UK,2018,83.1,
ESTAT:TPS00205(1.0),14/03/24 11:00:00,A,YR,F,Y_LT1,XK,2016,81.6,p
ESTAT:TPS00205(1.0),14/03/24 11:00:00,A,YR,M,Y_LT1,AL,2013,76.0,
ESTAT:TPS00205(1.0),14/03/24 11:00:00,A,YR,M,Y_LT1,AL,2014,76.4,
ESTAT:TPS00205(1.0),14/03/24 11:00:00,A,YR,M,Y_LT1,AL,2015,76.3,
ESTAT:TPS00205(1.0),14/03/24 11:00:00,A,YR,M,Y_LT1,AL,2016,77.1,
ESTAT:TPS00205(1.0),14/03/24 11:00:00,A,YR,M,Y_LT1,AL,2017,77.1,
ESTAT:TPS00205(1.0),14/03/24 11:00:00,A,YR,M,Y_LT1,AL,2018,77.4,
ESTAT:TPS00205(1.0),14/03/24 11:00:00,A,YR,M,Y_LT1,AL,2019,77.6,
ESTAT:TPS00205(1.0),14/03/24 11:00:00,A,YR,M,Y_LT1,AL,2020,75.2,
ESTAT:TPS00205(1.0),14/03/24 11:00:00,A,YR,M,Y_LT1,AL,2021,73.6,
ESTAT:TPS00205(1.0),14/03/24 11:00:00,A,YR,M,Y_LT1,AL,2022,77.4,
ESTAT:TPS00205(1.0),14/03/24 11:00:00,A,YR,M,Y_LT1,AM,2015,71.7,
ESTAT:TPS00205(1.0),14/03/24 11:00:00,A,YR,M,Y_LT1,AM,2016,71.5,
ESTAT:TPS00205(1.0),14/03/24 11:00:00,A,YR,M,Y_LT1,AM,2017,72.5,
ESTAT:TPS00205(1.0),14/03/24 11:00:00,A,YR,M,Y_LT1,AM,2018,73.4,
ESTAT:TPS00205(1.0),14/03/24 11:00:00,A,YR,M,Y_LT1,AM,2019,73.1,
ESTAT:TPS00205(1.0),14/03/24 11:00:00,A,YR,M,Y_LT1,AT,2011,78.3,
ESTAT:TPS00205(1.0),14/03/24 11:00:00,A,YR,M,Y_LT1,AT,2012,78.4,
ESTAT:TPS00205(1.0),14/03/24 11:00:00,A,YR,M,Y_LT1,AT,2013,78.6,
ESTAT:TPS00205(1.0),14/03/24 11:00:00,A,YR,M,Y_LT1,AT,2014,79.1,
ESTAT:TPS00205(1.0),14/03/24 11:00:00,A,YR,M,Y_LT1,AT,2015,78.8,
ESTAT:TPS00205(1.0),14/03/24 11:00:00,A,YR,M,Y_LT1,AT,2016,79.3,
ESTAT:TPS00205(1.0),14/03/24 11:00:00,A,YR,M,Y_LT1,AT,2017,79.4,
ESTAT:TPS00205(1.0),14/03/24 11:00:00,A,YR,M,Y_LT1,AT,2018,79.4,
ESTAT:TPS00205(1.0),14/03/24 11:00:00,A,YR,M,Y_LT1,AT,2019,79.7,
ESTAT:TPS00205(1.0),14/03/24 11:00:00,A,YR,M,Y_LT1,AT,2020,78.9,
ESTAT:TPS00205(1.0),14/03/24 11:00:00,A,YR,M,Y_LT1,AT,2021,78.8,
ESTAT:TPS00205(1.0),14/03/24 11:00:00,A,YR,M,Y_LT1,AT,2022,79.1,
ESTAT:TPS00205(1.0),14/03/24 11:00:00,A,YR,M,Y_LT1,AZ,2012,71.6,
ESTAT:TPS00205(1.0),14/03/24 11:00:00,A,YR,M,Y_LT1,AZ,2013,72.1,
ESTAT:TPS00205(1.0),14/03/24 11:00:00,A,YR,M,Y_LT1,AZ,2014,72.2,
ESTAT:TPS00205(1.0),14/03/24 11:00:00,A,YR,M,Y_LT1,AZ,2015,72.9,
ESTAT:TPS00205(1.0),14/03/24 11:00:00,A,YR,M,Y_LT1,AZ,2017,73.2,
ESTAT:TPS00205(1.0),14/03/24 11:00:00,A,YR,M,Y_LT1,AZ,2018,73.5,
ESTAT:TPS00205(1.0),14/03/24 11:00:00,A,YR,M,Y_LT1,AZ,2019,74.3,
ESTAT:TPS00205(1.0),14/03/24 11:00:00,A,YR,M,Y_LT1,BE,2011,78.0,b
ESTAT:TPS00205(1.0),14/03/24 11:00:00,A,YR,M,Y_LT1,BE,2012,77.8,
ESTAT:TPS00205(1.0),14/03/24 11:00:00,A,YR,M,Y_LT1,BE,2013,78.1,
ESTAT:TPS00205(1.0),14/03/24 11:00:00,A,YR,M,Y_LT1,BE,2014,78.8,
ESTAT:TPS00205(1.0),14/03/24 11:00:00,A,YR,M,Y_LT1,BE,2015,78.7,
ESTAT:TPS00205(1.0),14/03/24 11:00:00,A,YR,M,Y_LT1,BE,2016,79.0,
ESTAT:TPS00205(1.0),14/03/24 11:00:00,A,YR,M,Y_LT1,BE,2017,79.2,
ESTAT:TPS00205(1.0),14/03/24 11:00:00,A,YR,M,Y_LT1,BE,2018,79.4,
ESTAT:TPS00205(1.0),14/03/24 11:00:00,A,YR,M,Y_LT1,BE,2019,79.8,
ESTAT:TPS00205(1.0),14/03/24 11:00:00,A,YR,M,Y_LT1,BE,2020,78.5,
ESTAT:TPS00205(1.0),14/03/24 11:00:00,A,YR,M,Y_LT1,BE,2021,79.4,
ESTAT:TPS00205(1.0),14/03/24 11:00:00,A,YR,M,Y_LT1,BE,2022,79.7,
ESTAT:TPS00205(1.0),14/03/24 11:00:00,A,YR,M,Y_LT1,BG,2011,70.7,
ESTAT:TPS00205(1.0),14/03/24 11:00:00,A,YR,M,Y_LT1,BG,2012,70.9,
ESTAT:TPS00205(1.0),14/03/24 11:00:00,A,YR,M,Y_LT1,BG,2013,71.3,
ESTAT:TPS00205(1.0),14/03/24 11:00:00,A,YR,M,Y_LT1,BG,2014,71.1,
ESTAT:TPS00205(1.0),14/03/24 11:00:00,A,YR,M,Y_LT1,BG,2015,71.2,
ESTAT:TPS00205(1.0),14/03/24 11:00:00,A,YR,M,Y_LT1,BG,2016,71.3,
ESTAT:TPS00205(1.0),14/03/24 11:00:00,A,YR,M,Y_LT1,BG,2017,71.4,
ESTAT:TPS00205(1.0),14/03/24 11:00:00,A,YR,M,Y_LT1,BG,2018,71.5,
ESTAT:TPS00205(1.0),14/03/24 11:00:00,A,YR,M,Y_LT1,BG,2019,71.6,
ESTAT:TPS00205(1.0),14/03/24 11:00:00,A,YR,M,Y_LT1,BG,2020,70.0,
ESTAT:TPS00205(1.0),14/03/24 11:00:00,A,YR,M,Y_LT1,BG,2021,68.0,
ESTAT:TPS00205(1.0),14/03/24 11:00:00,A,YR,M,Y_LT1,BG,2022,70.6,b
ESTAT:TPS00205(1.0),14/03/24 11:00:00,A,YR,M,Y_LT1,BY,2011,64.7,
ESTAT:TPS00205(1.0),14/03/24 11:00:00,A,YR,M,Y_LT1,BY,2012,66.6,
ESTAT:TPS00205(1.0),14/03/24 11:00:00,A,YR,M,Y_LT1,BY,2013,67.3,
ESTAT:TPS00205(1.0),14/03/24 11:00:00,A,YR,M,Y_LT1,BY,2014,67.8,
ESTAT:TPS00205(1.0),14/03/24 11:00:00,A,YR,M,Y_LT1,BY,2015,68.6,
ESTAT:TPS00205(1.0),14/03/24 11:00:00,A,YR,M,Y_LT1,BY,2016,69.0,
ESTAT:TPS00205(1.0),14/03/24 11:00:00,A,YR,M,Y_LT1,BY,2017,69.3,
ESTAT:TPS00205(1.0),14/03/24 11:00:00,A,YR,M,Y_LT1,BY,2018,69.3,
ESTAT:TPS00205(1.0),14/03/24 11:00:00,A,YR,M,Y_LT1,CH,2011,80.5,b
ESTAT:TPS00205(1.0),14/03/24 11:00:00,A,YR,M,Y_LT1,CH,2012,80.6,
ESTAT:TPS00205(1.0),14/03/24 11:00:00,A,YR,M,Y_LT1,CH,2013,80.7,
ESTAT:TPS00205(1.0),14/03/24 11:00:00,A,YR,M,Y_LT1,CH,2014,81.1,
ESTAT:TPS00205(1.0),14/03/24 11:00:00,A,YR,M,Y_LT1,CH,2015,80.8,
ESTAT:TPS00205(1.0),14/03/24 11:00:00,A,YR,M,Y_LT1,CH,2016,81.7,
ESTAT:TPS00205(1.0),14/03/24 11:00:00,A,YR,M,Y_LT1,CH,2017,81.6,
ESTAT:TPS00205(1.0),14/03/24 11:00:00,A,YR,M,Y_LT1,CH,2018,81.9,
ESTAT:TPS00205(1.0),14/03/24 11:00:00,A,YR,M,Y_LT1,CH,2019,82.1,
ESTAT:TPS00205(1.0),14/03/24 11:00:00,A,YR,M,Y_LT1,CH,2020,81.0,
ESTAT:TPS00205(1.0),14/03/24 11:00:00,A,YR,M,Y_LT1,CH,2021,81.8,
ESTAT:TPS00205(1.0),14/03/24 11:00:00,A,YR,M,Y_LT1,CH,2022,81.8,
ESTAT:TPS00205(1.0),14/03/24 11:00:00,A,YR,M,Y_LT1,CY,2011,79.3,
ESTAT:TPS00205(1.0),14/03/24 11:00:00,A,YR,M,Y_LT1,CY,2012,78.9,
ESTAT:TPS00205(1.0),14/03/24 11:00:00,A,YR,M,Y_LT1,CY,2013,80.1,
ESTAT:TPS00205(1.0),14/03/24 11:00:00,A,YR,M,Y_LT1,CY,2014,80.3,
ESTAT:TPS00205(1.0),14/03/24 11:00:00,A,YR,M,Y_LT1,CY,2015,79.9,
ESTAT:TPS00205(1.0),14/03/24 11:00:00,A,YR,M,Y_LT1,CY,2016,80.5,
ESTAT:TPS00205(1.0),14/03/24 11:00:00,A,YR,M,Y_LT1,CY,2017,80.2,
ESTAT:TPS00205(1.0),14/03/24 11:00:00,A,YR,M,Y_LT1,CY,2018,80.9,
ESTAT:TPS00205(1.0),14/03/24 11:00:00,A,YR,M,Y_LT1,CY,2019,80.3,
ESTAT:TPS00205(1.0),14/03/24 11:00:00,A,YR,M,Y_LT1,CY,2020,80.4,
ESTAT:TPS00205(1.0),14/03/24 11:00:00,A,YR,M,Y_LT1,CY,2021,79.2,
ESTAT:TPS00205(1.0),14/03/24 11:00:00,A,YR,M,Y_LT1,CY,2022,79.7,
ESTAT:TPS00205(1.0),14/03/24 11:00:00,A,YR,M,Y_LT1,CZ,2011,74.8,
ESTAT:TPS00205(1.0),14/03/24 11:00:00,A,YR,M,Y_LT1,CZ,2012,75.1,
ESTAT:TPS00205(1.0),14/03/24 11:00:00,A,YR,M,Y_LT1,CZ,2013,75.2,
ESTAT:TPS00205(1.0),14/03/24 11:00:00,A,YR,M,Y_LT1,CZ,2014,75.8,
ESTAT:TPS00205(1.0),14/03/24 11:00:00,A,YR,M,Y_LT1,CZ,2015,75.7,
ESTAT:TPS00205(1.0),14/03/24 11:00:00,A,YR,M,Y_LT1,CZ,2016,76.1,
ESTAT:TPS00205(1.0),14/03/24 11:00:00,A,YR,M,Y_LT1,CZ,2017,76.1,
ESTAT:TPS00205(1.0),14/03/24 11:00:00,A,YR,M,Y_LT1,CZ,2018,76.2,
ESTAT:TPS00205(1.0),14/03/24 11:00:00,A,YR,M,Y_LT1,CZ,2019,76.4,
ESTAT:TPS00205(1.0),14/03/24 11:00:00,A,YR,M,Y_LT1,CZ,2020,75.2,b
ESTAT:TPS00205(1.0),14/03/24 11:00:00,A,YR,M,Y_LT1,CZ,2021,74.1,
ESTAT:TPS00205(1.0),14/03/24 11:00:00,A,YR,M,Y_LT1,CZ,2022,76.1,
ESTAT:TPS00205(1.0),14/03/24 11:00:00,A,YR,M,Y_LT1,DE,2011,77.9,b
ESTAT:TPS00205(1.0),14/03/24 11:00:00,A,YR,M,Y_LT1,DE,2012,78.1,
ESTAT:TPS00205(1.0),14/03/24 11:00:00,A,YR,M,Y_LT1,DE,2013,78.1,
ESTAT:TPS00205(1.0),14/03/24 11:00:00,A,YR,M,Y_LT1,DE,2014,78.7,
ESTAT:TPS00205(1.0),14/03/24 11:00:00,A,YR,M,Y_LT1,DE,2015,78.3,
ESTAT:TPS00205(1.0),14/03/24 11:00:00,A,YR,M,Y_LT1,DE,2016,78.6,
ESTAT:TPS00205(1.0),14/03/24 11:00:00,A,YR,M,Y_LT1,DE,2017,78.7,
ESTAT:TPS00205(1.0),14/03/24 11:00:00,A,YR,M,Y_LT1,DE,2018,78.6,
ESTAT:TPS00205(1.0),14/03/24 11:00:00,A,YR,M,Y_LT1,DE,2019,79.0,
ESTAT:TPS00205(1.0),14/03/24 11:00:00,A,YR,M,Y_LT1,DE,2020,78.7,
ESTAT:TPS00205(1.0),14/03/24 11:00:00,A,YR,M,Y_LT1,DE,2021,78.4,
ESTAT:TPS00205(1.0),14/03/24 11:00:00,A,YR,M,Y_LT1,DE,2022,78.3,
ESTAT:TPS00205(1.0),14/03/24 11:00:00,A,YR,M,Y_LT1,DK,2011,77.8,
ESTAT:TPS00205(1.0),14/03/24 11:00:00,A,YR,M,Y_LT1,DK,2012,78.1,
ESTAT:TPS00205(1.0),14/03/24 11:00:00,A,YR,M,Y_LT1,DK,2013,78.3,
ESTAT:TPS00205(1.0),14/03/24 11:00:00,A,YR,M,Y_LT1,DK,2014,78.7,
ESTAT:TPS00205(1.0),14/03/24 11:00:00,A,YR,M,Y_LT1,DK,2015,78.8,
ESTAT:TPS00205(1.0),14/03/24 11:00:00,A,YR,M,Y_LT1,DK,2016,79.0,
ESTAT:TPS00205(1.0),14/03/24 11:00:00,A,YR,M,Y_LT1,DK,2017,79.2,
ESTAT:TPS00205(1.0),14/03/24 11:00:00,A,YR,M,Y_LT1,DK,2018,79.1,
ESTAT:TPS00205(1.0),14/03/24 11:00:00,A,YR,M,Y_LT1,DK,2019,79.5,
ESTAT:TPS00205(1.0),14/03/24 11:00:00,A,YR,M,Y_LT1,DK,2020,79.7,
ESTAT:TPS00205(1.0),14/03/24 11:00:00,A,YR,M,Y_LT1,DK,2021,79.6,
ESTAT:TPS00205(1.0),14/03/24 11:00:00,A,YR,M,Y_LT1,DK,2022,79.5,
ESTAT:TPS00205(1.0),14/03/24 11:00:00,A,YR,M,Y_LT1,EA19,2011,78.4,b
ESTAT:TPS00205(1.0),14/03/24 11:00:00,A,YR,M,Y_LT1,EA19,2012,78.5,b
ESTAT:TPS00205(1.0),14/03/24 11:00:00,A,YR,M,Y_LT1,EA19,2013,78.8,
ESTAT:TPS00205(1.0),14/03/24 11:00:00,A,YR,M,Y_LT1,EA19,2014,79.2,b
ESTAT:TPS00205(1.0),14/03/24 11:00:00,A,YR,M,Y_LT1,EA19,2015,78.9,b
ESTAT:TPS00205(1.0),14/03/24 11:00:00,A,YR,M,Y_LT1,EA19,2016,79.3,
ESTAT:TPS00205(1.0),14/03/24 11:00:00,A,YR,M,Y_LT1,EA19,2017,79.4,b
ESTAT:TPS00205(1.0),14/03/24 11:00:00,A,YR,M,Y_LT1,EA19,2018,79.5,ep
ESTAT:TPS00205(1.0),14/03/24 11:00:00,A,YR,M,Y_LT1,EA19,2019,79.8,bep
ESTAT:TPS00205(1.0),14/03/24 11:00:00,A,YR,M,Y_LT1,EA19,2020,79.0,bp
ESTAT:TPS00205(1.0),14/03/24 11:00:00,A,YR,M,Y_LT1,EA19,2021,79.0,bp
ESTAT:TPS00205(1.0),14/03/24 11:00:00,A,YR,M,Y_LT1,EA19,2022,79.2,bp
ESTAT:TPS00205(1.0),14/03/24 11:00:00,A,YR,M,Y_LT1,EA20,2021,78.9,bp
ESTAT:TPS00205(1.0),14/03/24 11:00:00,A,YR,M,Y_LT1,EA20,2022,79.1,bp
ESTAT:TPS00205(1.0),14/03/24 11:00:00,A,YR,M,Y_LT1,EE,2011,71.4,
ESTAT:TPS00205(1.0),14/03/24 11:00:00,A,YR,M,Y_LT1,EE,2012,71.4,
ESTAT:TPS00205(1.0),14/03/24 11:00:00,A,YR,M,Y_LT1,EE,2013,72.8,
ESTAT:TPS00205(1.0),14/03/24 11:00:00,A,YR,M,Y_LT1,EE,2014,72.4,
ESTAT:TPS00205(1.0),14/03/24 11:00:00,A,YR,M,Y_LT1,EE,2015,73.2,b
ESTAT:TPS00205(1.0),14/03/24 11:00:00,A,YR,M,Y_LT1,EE,2016,73.3,
ESTAT:TPS00205(1.0),14/03/24 11:00:00,A,YR,M,Y_LT1,EE,2017,73.8,
ESTAT:TPS00205(1.0),14/03/24 11:00:00,A,YR,M,Y_LT1,EE,2018,74.0,
ESTAT:TPS00205(1.0),14/03/24 11:00:00,A,YR,M,Y_LT1,EE,2019,74.5,
ESTAT:TPS00205(1.0),14/03/24 11:00:00,A,YR,M,Y_LT1,EE,2020,74.4,
ESTAT:TPS00205(1.0),14/03/24 11:00:00,A,YR,M,Y_LT1,EE,2021,72.7,
ESTAT:TPS00205(1.0),14/03/24 11:00:00,A,YR,M,Y_LT1,EE,2022,73.6,
ESTAT:TPS00205(1.0),14/03/24 11:00:00,A,YR,M,Y_LT1,EL,2011,78.0,
ESTAT:TPS00205(1.0),14/03/24 11:00:00,A,YR,M,Y_LT1,EL,2012,78.0,
ESTAT:TPS00205(1.0),14/03/24 11:00:00,A,YR,M,Y_LT1,EL,2013,78.7,
ESTAT:TPS00205(1.0),14/03/24 11:00:00,A,YR,M,Y_LT1,EL,2014,78.8,
ESTAT:TPS00205(1.0),14/03/24 11:00:00,A,YR,M,Y_LT1,EL,2015,78.5,
ESTAT:TPS00205(1.0),14/03/24 11:00:00,A,YR,M,Y_LT1,EL,2016,78.9,
ESTAT:TPS00205(1.0),14/03/24 11:00:00,A,YR,M,Y_LT1,EL,2017,78.8,
ESTAT:TPS00205(1.0),14/03/24 11:00:00,A,YR,M,Y_LT1,EL,2018,79.3,
ESTAT:TPS00205(1.0),14/03/24 11:00:00,A,YR,M,Y_LT1,EL,2019,79.2,
ESTAT:TPS00205(1.0),14/03/24 11:00:00,A,YR,M,Y_LT1,EL,2020,78.8,
ESTAT:TPS00205(1.0),14/03/24 11:00:00,A,YR,M,Y_LT1,EL,2021,77.4,
ESTAT:TPS00205(1.0),14/03/24 11:00:00,A,YR,M,Y_LT1,EL,2022,78.3,
ESTAT:TPS00205(1.0),14/03/24 11:00:00,A,YR,M,Y_LT1,ES,2011,79.5,
ESTAT:TPS00205(1.0),14/03/24 11:00:00,A,YR,M,Y_LT1,ES,2012,79.5,
ESTAT:TPS00205(1.0),14/03/24 11:00:00,A,YR,M,Y_LT1,ES,2013,80.2,
ESTAT:TPS00205(1.0),14/03/24 11:00:00,A,YR,M,Y_LT1,ES,2014,80.4,
ESTAT:TPS00205(1.0),14/03/24 11:00:00,A,YR,M,Y_LT1,ES,2015,80.1,
ESTAT:TPS00205(1.0),14/03/24 11:00:00,A,YR,M,Y_LT1,ES,2016,80.5,
ESTAT:TPS00205(1.0),14/03/24 11:00:00,A,YR,M,Y_LT1,ES,2017,80.6,
ESTAT:TPS00205(1.0),14/03/24 11:00:00,A,YR,M,Y_LT1,ES,2018,80.7,
ESTAT:TPS00205(1.0),14/03/24 11:00:00,A,YR,M,Y_LT1,ES,2019,81.1,
ESTAT:TPS00205(1.0),14/03/24 11:00:00,A,YR,M,Y_LT1,ES,2020,79.6,
ESTAT:TPS00205(1.0),14/03/24 11:00:00,A,YR,M,Y_LT1,ES,2021,80.4,
ESTAT:TPS00205(1.0),14/03/24 11:00:00,A,YR,M,Y_LT1,ES,2022,80.5,
ESTAT:TPS00205(1.0),14/03/24 11:00:00,A,YR,M,Y_LT1,EU27_2020,2011,77.0,b
ESTAT:TPS00205(1.0),14/03/24 11:00:00,A,YR,M,Y_LT1,EU27_2020,2012,77.1,b
ESTAT:TPS00205(1.0),14/03/24 11:00:00,A,YR,M,Y_LT1,EU27_2020,2013,77.5,
ESTAT:TPS00205(1.0),14/03/24 11:00:00,A,YR,M,Y_LT1,EU27_2020,2014,77.9,b
ESTAT:TPS00205(1.0),14/03/24 11:00:00,A,YR,M,Y_LT1,EU27_2020,2015,77.7,b
ESTAT:TPS00205(1.0),14/03/24 11:00:00,A,YR,M,Y_LT1,EU27_2020,2016,78.0,
ESTAT:TPS00205(1.0),14/03/24 11:00:00,A,YR,M,Y_LT1,EU27_2020,2017,78.1,b
ESTAT:TPS00205(1.0),14/03/24 11:00:00,A,YR,M,Y_LT1,EU27_2020,2018,78.2,ep
ESTAT:TPS00205(1.0),14/03/24 11:00:00,A,YR,M,Y_LT1,EU27_2020,2019,78.5,bep
ESTAT:TPS00205(1.0),14/03/24 11:00:00,A,YR,M,Y_LT1,EU27_2020,2020,77.5,bep
ESTAT:TPS00205(1.0),14/03/24 11:00:00,A,YR,M,Y_LT1,EU27_2020,2021,77.2,bep
ESTAT:TPS00205(1.0),14/03/24 11:00:00,A,YR,M,Y_LT1,EU27_2020,2022,77.9,bep
ESTAT:TPS00205(1.0),14/03/24 11:00:00,A,YR,M,Y_LT1,FI,2011,77.3,
ESTAT:TPS00205(1.0),14/03/24 11:00:00,A,YR,M,Y_LT1,FI,2012,77.7,
ESTAT:TPS00205(1.0),14/03/24 11:00:00,A,YR,M,Y_LT1,FI,2013,78.0,
ESTAT:TPS00205(1.0),14/03/24 11:00:00,A,YR,M,Y_LT1,FI,2014,78.4,
ESTAT:TPS00205(1.0),14/03/24 11:00:00,A,YR,M,Y_LT1,FI,2015,78.7,
ESTAT:TPS00205(1.0),14/03/24 11:00:00,A,YR,M,Y_LT1,FI,2016,78.6,
ESTAT:TPS00205(1.0),14/03/24 11:00:00,A,YR,M,Y_LT1,FI,2017,78.9,
ESTAT:TPS00205(1.0),14/03/24 11:00:00,A,YR,M,Y_LT1,FI,2018,79.1,
ESTAT:TPS00205(1.0),14/03/24 11:00:00,A,YR,M,Y_LT1,FI,2019,79.3,
ESTAT:TPS00205(1.0),14/03/24 11:00:00,A,YR,M,Y_LT1,FI,2020,79.2,
ESTAT:TPS00205(1.0),14/03/24 11:00:00,A,YR,M,Y_LT1,FI,2021,79.3,
ESTAT:TPS00205(1.0),14/03/24 11:00:00,A,YR,M,Y_LT1,FI,2022,78.7,
ESTAT:TPS00205(1.0),14/03/24 11:00:00,A,YR,M,Y_LT1,FR,2011,78.7,
ESTAT:TPS00205(1.0),14/03/24 11:00:00,A,YR,M,Y_LT1,FR,2012,78.7,b
ESTAT:TPS00205(1.0),14/03/24 11:00:00,A,YR,M,Y_LT1,FR,2013,79.0,
ESTAT:TPS00205(1.0),14/03/24 11:00:00,A,YR,M,Y_LT1,FR,2014,79.5,b
ESTAT:TPS00205(1.0),14/03/24 11:00:00,A,YR,M,Y_LT1,FR,2015,79.2,
ESTAT:TPS00205(1.0),14/03/24 11:00:00,A,YR,M,Y_LT1,FR,2016,79.5,
ESTAT:TPS00205(1.0),14/03/24 11:00:00,A,YR,M,Y_LT1,FR,2017,79.6,
ESTAT:TPS00205(1.0),14/03/24 11:00:00,A,YR,M,Y_LT1,FR,2018,79.7,p
ESTAT:TPS00205(1.0),14/03/24 11:00:00,A,YR,M,Y_LT1,FR,2019,79.9,p
ESTAT:TPS00205(1.0),14/03/24 11:00:00,A,YR,M,Y_LT1,FR,2020,79.2,p
ESTAT:TPS00205(1.0),14/03/24 11:00:00,A,YR,M,Y_LT1,FR,2021,79.3,p
ESTAT:TPS00205(1.0),14/03/24 11:00:00,A,YR,M,Y_LT1,FR,2022,79.3,p
ESTAT:TPS00205(1.0),14/03/24 11:00:00,A,YR,M,Y_LT1,FX,2011,78.8,
ESTAT:TPS00205(1.0),14/03/24 11:00:00,A,YR,M,Y_LT1,FX,2012,78.7,
ESTAT:TPS00205(1.0),14/03/24 11:00:00,A,YR,M,Y_LT1,GE,2011,70.1,
ESTAT:TPS00205(1.0),14/03/24 11:00:00,A,YR,M,Y_LT1,GE,2014,69.9,
ESTAT:TPS00205(1.0),14/03/24 11:00:00,A,YR,M,Y_LT1,GE,2015,68.7,
ESTAT:TPS00205(1.0),14/03/24 11:00:00,A,YR,M,Y_LT1,GE,2016,68.3,
ESTAT:TPS00205(1.0),14/03/24 11:00:00,A,YR,M,Y_LT1,GE,2017,69.2,
ESTAT:TPS00205(1.0),14/03/24 11:00:00,A,YR,M,Y_LT1,GE,2018,69.7,
ESTAT:TPS00205(1.0),14/03/24 11:00:00,A,YR,M,Y_LT1,GE,2019,69.8,
ESTAT:TPS00205(1.0),14/03/24 11:00:00,A,YR,M,Y_LT1,HR,2011,73.8,
ESTAT:TPS00205(1.0),14/03/24 11:00:00,A,YR,M,Y_LT1,HR,2012,73.9,
ESTAT:TPS00205(1.0),14/03/24 11:00:00,A,YR,M,Y_LT1,HR,2013,74.5,
ESTAT:TPS00205(1.0),14/03/24 11:00:00,A,YR,M,Y_LT1,HR,2014,74.7,
ESTAT:TPS00205(1.0),14/03/24 11:00:00,A,YR,M,Y_LT1,HR,2015,74.4,
ESTAT:TPS00205(1.0),14/03/24 11:00:00,A,YR,M,Y_LT1,HR,2016,75.0,
ESTAT:TPS00205(1.0),14/03/24 11:00:00,A,YR,M,Y_LT1,HR,2017,74.9,
ESTAT:TPS00205(1.0),14/03/24 11:00:00,A,YR,M,Y_LT1,HR,2018,74.9,
ESTAT:TPS00205(1.0),14/03/24 11:00:00,A,YR,M,Y_LT1,HR,2019,75.5,
ESTAT:TPS00205(1.0),14/03/24 11:00:00,A,YR,M,Y_LT1,HR,2020,74.7,
ESTAT:TPS00205(1.0),14/03/24 11:00:00,A,YR,M,Y_LT1,HR,2021,73.6,b
ESTAT:TPS00205(1.0),14/03/24 11:00:00,A,YR,M,Y_LT1,HR,2022,74.6,b
ESTAT:TPS00205(1.0),14/03/24 11:00:00,A,YR,M,Y_LT1,HU,2011,71.2,
ESTAT:TPS00205(1.0),14/03/24 11:00:00,A,YR,M,Y_LT1,HU,2012,71.6,b
ESTAT:TPS00205(1.0),14/03/24 11:00:00,A,YR,M,Y_LT1,HU,2013,72.2,
ESTAT:TPS00205(1.0),14/03/24 11:00:00,A,YR,M,Y_LT1,HU,2014,72.3,
ESTAT:TPS00205(1.0),14/03/24 11:00:00,A,YR,M,Y_LT1,HU,2015,72.3,
ESTAT:TPS00205(1.0),14/03/24 11:00:00,A,YR,M,Y_LT1,HU,2016,72.6,
ESTAT:TPS00205(1.0),14/03/24 11:00:00,A,YR,M,Y_LT1,HU,2017,72.5,
ESTAT:TPS00205(1.0),14/03/24 11:00:00,A,YR,M,Y_LT1,HU,2018,72.7,
ESTAT:TPS00205(1.0),14/03/24 11:00:00,A,YR,M,Y_LT1,HU,2019,73.1,
ESTAT:TPS00205(1.0),14/03/24 11:00:00,A,YR,M,Y_LT1,HU,2020,72.3,
ESTAT:TPS00205(1.0),14/03/24 11:00:00,A,YR,M,Y_LT1,HU,2021,70.7,
ESTAT:TPS00205(1.0),14/03/24 11:00:00,A,YR,M,Y_LT1,HU,2022,72.6,b
ESTAT:TPS00205(1.0),14/03/24 11:00:00,A,YR,M,Y_LT1,IE,2011,78.6,
ESTAT:TPS00205(1.0),14/03/24 11:00:00,A,YR,M,Y_LT1,IE,2012,78.7,
ESTAT:TPS00205(1.0),14/03/24 11:00:00,A,YR,M,Y_LT1,IE,2013,78.9,
ESTAT:TPS00205(1.0),14/03/24 11:00:00,A,YR,M,Y_LT1,IE,2014,79.3,
ESTAT:TPS00205(1.0),14/03/24 11:00:00,A,YR,M,Y_LT1,IE,2015,79.6,
ESTAT:TPS00205(1.0),14/03/24 11:00:00,A,YR,M,Y_LT1,IE,2016,79.8,
ESTAT:TPS00205(1.0),14/03/24 11:00:00,A,YR,M,Y_LT1,IE,2017,80.4,
ESTAT:TPS00205(1.0),14/03/24 11:00:00,A,YR,M,Y_LT1,IE,2018,80.4,e
ESTAT:TPS00205(1.0),14/03/24 11:00:00,A,YR,M,Y_LT1,IE,2019,80.8,e
ESTAT:TPS00205(1.0),14/03/24 11:00:00,A,YR,M,Y_LT1,IE,2020,80.8,
ESTAT:TPS00205(1.0),14/03/24 11:00:00,A,YR,M,Y_LT1,IE,2021,80.5,
ESTAT:TPS00205(1.0),14/03/24 11:00:00,A,YR,M,Y_LT1,IE,2022,80.9,
ESTAT:TPS00205(1.0),14/03/24 11:00:00,A,YR,M,Y_LT1,IS,2011,80.7,
ESTAT:TPS00205(1.0),14/03/24 11:00:00,A,YR,M,Y_LT1,IS,2012,81.6,
ESTAT:TPS00205(1.0),14/03/24 11:00:00,A,YR,M,Y_LT1,IS,2013,80.5,
ESTAT:TPS00205(1.0),14/03/24 11:00:00,A,YR,M,Y_LT1,IS,2014,81.3,
ESTAT:TPS00205(1.0),14/03/24 11:00:00,A,YR,M,Y_LT1,IS,2015,81.2,
ESTAT:TPS00205(1.0),14/03/24 11:00:00,A,YR,M,Y_LT1,IS,2016,80.4,
ESTAT:TPS00205(1.0),14/03/24 11:00:00,A,YR,M,Y_LT1,IS,2017,81.1,
ESTAT:TPS00205(1.0),14/03/24 11:00:00,A,YR,M,Y_LT1,IS,2018,81.3,
ESTAT:TPS00205(1.0),14/03/24 11:00:00,A,YR,M,Y_LT1,IS,2019,81.7,
ESTAT:TPS00205(1.0),14/03/24 11:00:00,A,YR,M,Y_LT1,IS,2020,81.6,
ESTAT:TPS00205(1.0),14/03/24 11:00:00,A,YR,M,Y_LT1,IS,2021,81.8,
ESTAT:TPS00205(1.0),14/03/24 11:00:00,A,YR,M,Y_LT1,IS,2022,80.9,
ESTAT:TPS00205(1.0),14/03/24 11:00:00,A,YR,M,Y_LT1,IT,2011,79.7,
ESTAT:TPS00205(1.0),14/03/24 11:00:00,A,YR,M,Y_LT1,IT,2012,79.8,
ESTAT:TPS00205(1.0),14/03/24 11:00:00,A,YR,M,Y_LT1,IT,2013,80.3,
ESTAT:TPS00205(1.0),14/03/24 11:00:00,A,YR,M,Y_LT1,IT,2014,80.7,
ESTAT:TPS00205(1.0),14/03/24 11:00:00,A,YR,M,Y_LT1,IT,2015,80.3,
ESTAT:TPS00205(1.0),14/03/24 11:00:00,A,YR,M,Y_LT1,IT,2016,81.0,
ESTAT:TPS00205(1.0),14/03/24 11:00:00,A,YR,M,Y_LT1,IT,2017,80.8,
ESTAT:TPS00205(1.0),14/03/24 11:00:00,A,YR,M,Y_LT1,IT,2018,81.2,
ESTAT:TPS00205(1.0),14/03/24 11:00:00,A,YR,M,Y_LT1,IT,2019,81.4,b
ESTAT:TPS00205(1.0),14/03/24 11:00:00,A,YR,M,Y_LT1,IT,2020,80.0,
ESTAT:TPS00205(1.0),14/03/24 11:00:00,A,YR,M,Y_LT1,IT,2021,80.5,
ESTAT:TPS00205(1.0),14/03/24 11:00:00,A,YR,M,Y_LT1,IT,2022,80.7,
ESTAT:TPS00205(1.0),14/03/24 11:00:00,A,YR,M,Y_LT1,LI,2011,79.5,
ESTAT:TPS00205(1.0),14/03/24 11:00:00,A,YR,M,Y_LT1,LI,2012,79.7,
ESTAT:TPS00205(1.0),14/03/24 11:00:00,A,YR,M,Y_LT1,LI,2013,80.7,
ESTAT:TPS00205(1.0),14/03/24 11:00:00,A,YR,M,Y_LT1,LI,2014,81.0,
ESTAT:TPS00205(1.0),14/03/24 11:00:00,A,YR,M,Y_LT1,LI,2015,80.9,
ESTAT:TPS00205(1.0),14/03/24 11:00:00,A,YR,M,Y_LT1,LI,2016,80.6,
ESTAT:TPS00205(1.0),14/03/24 11:00:00,A,YR,M,Y_LT1,LI,2017,81.6,
ESTAT:TPS00205(1.0),14/03/24 11:00:00,A,YR,M,Y_LT1,LI,2018,80.7,
ESTAT:TPS00205(1.0),14/03/24 11:00:00,A,YR,M,Y_LT1,LI,2019,82.6,
ESTAT:TPS00205(1.0),14/03/24 11:00:00,A,YR,M,Y_LT1,LI,2020,80.0,
ESTAT:TPS00205(1.0),14/03/24 11:00:00,A,YR,M,Y_LT1,LI,2021,82.5,e
ESTAT:TPS00205(1.0),14/03/24 11:00:00,A,YR,M,Y_LT1,LI,2022,83.0,
ESTAT:TPS00205(1.0),14/03/24 11:00:00,A,YR,M,Y_LT1,LT,2011,68.1,
ESTAT:TPS00205(1.0),14/03/24 11:00:00,A,YR,M,Y_LT1,LT,2012,68.4,
ESTAT:TPS00205(1.0),14/03/24 11:00:00,A,YR,M,Y_LT1,LT,2013,68.5,
ESTAT:TPS00205(1.0),14/03/24 11:00:00,A,YR,M,Y_LT1,LT,2014,69.2,
ESTAT:TPS00205(1.0),14/03/24 11:00:00,A,YR,M,Y_LT1,LT,2015,69.2,
ESTAT:TPS00205(1.0),14/03/24 11:00:00,A,YR,M,Y_LT1,LT,2016,69.5,
ESTAT:TPS00205(1.0),14/03/24 11:00:00,A,YR,M,Y_LT1,LT,2017,70.7,
ESTAT:TPS00205(1.0),14/03/24 11:00:00,A,YR,M,Y_LT1,LT,2018,70.9,
ESTAT:TPS00205(1.0),14/03/24 11:00:00,A,YR,M,Y_LT1,LT,2019,71.6,
ESTAT:TPS00205(1.0),14/03/24 11:00:00,A,YR,M,Y_LT1,LT,2020,70.1,
ESTAT:TPS00205(1.0),14/03/24 11:00:00,A,YR,M,Y_LT1,LT,2021,69.5,
ESTAT:TPS00205(1.0),14/03/24 11:00:00,A,YR,M,Y_LT1,LT,2022,71.4,
ESTAT:TPS00205(1.0),14/03/24 11:00:00,A,YR,M,Y_LT1,LU,2011,78.5,
ESTAT:TPS00205(1.0),14/03/24 11:00:00,A,YR,M,Y_LT1,LU,2012,79.1,b
ESTAT:TPS00205(1.0),14/03/24 11:00:00,A,YR,M,Y_LT1,LU,2013,79.8,
ESTAT:TPS00205(1.0),14/03/24 11:00:00,A,YR,M,Y_LT1,LU,2014,79.4,
ESTAT:TPS00205(1.0),14/03/24 11:00:00,A,YR,M,Y_LT1,LU,2015,80.0,
ESTAT:TPS00205(1.0),14/03/24 11:00:00,A,YR,M,Y_LT1,LU,2016,80.1,
ESTAT:TPS00205(1.0),14/03/24 11:00:00,A,YR,M,Y_LT1,LU,2017,79.9,b
ESTAT:TPS00205(1.0),14/03/24 11:00:00,A,YR,M,Y_LT1,LU,2018,80.1,
ESTAT:TPS00205(1.0),14/03/24 11:00:00,A,YR,M,Y_LT1,LU,2019,80.2,
ESTAT:TPS00205(1.0),14/03/24 11:00:00,A,YR,M,Y_LT1,LU,2020,79.9,
ESTAT:TPS00205(1.0),14/03/24 11:00:00,A,YR,M,Y_LT1,LU,2021,80.5,
ESTAT:TPS00205(1.0),14/03/24 11:00:00,A,YR,M,Y_LT1,LU,2022,80.8,
ESTAT:TPS00205(1.0),14/03/24 11:00:00,A,YR,M,Y_LT1,LV,2011,68.6,
ESTAT:TPS00205(1.0),14/03/24 11:00:00,A,YR,M,Y_LT1,LV,2012,68.9,
ESTAT:TPS00205(1.0),14/03/24 11:00:00,A,YR,M,Y_LT1,LV,2013,69.3,
ESTAT:TPS00205(1.0),14/03/24 11:00:00,A,YR,M,Y_LT1,LV,2014,69.1,
ESTAT:TPS00205(1.0),14/03/24 11:00:00,A,YR,M,Y_LT1,LV,2015,69.7,
ESTAT:TPS00205(1.0),14/03/24 11:00:00,A,YR,M,Y_LT1,LV,2016,69.8,
ESTAT:TPS00205(1.0),14/03/24 11:00:00,A,YR,M,Y_LT1,LV,2017,69.8,
ESTAT:TPS00205(1.0),14/03/24 11:00:00,A,YR,M,Y_LT1,LV,2018,70.1,
ESTAT:TPS00205(1.0),14/03/24 11:00:00,A,YR,M,Y_LT1,LV,2019,70.9,
ESTAT:TPS00205(1.0),14/03/24 11:00:00,A,YR,M,Y_LT1,LV,2020,70.6,
ESTAT:TPS00205(1.0),14/03/24 11:00:00,A,YR,M,Y_LT1,LV,2021,68.2,
ESTAT:TPS00205(1.0),14/03/24 11:00:00,A,YR,M,Y_LT1,LV,2022,69.4,
ESTAT:TPS00205(1.0),14/03/24 11:00:00,A,YR,M,Y_LT1,MD,2011,66.9,
ESTAT:TPS00205(1.0),14/03/24 11:00:00,A,YR,M,Y_LT1,MD,2012,67.0,
ESTAT:TPS00205(1.0),14/03/24 11:00:00,A,YR,M,Y_LT1,ME,2011,73.3,
ESTAT:TPS00205(1.0),14/03/24 11:00:00,A,YR,M,Y_LT1,ME,2012,74.2,
ESTAT:TPS00205(1.0),14/03/24 11:00:00,A,YR,M,Y_LT1,ME,2013,74.1,
ESTAT:TPS00205(1.0),14/03/24 11:00:00,A,YR,M,Y_LT1,ME,2014,74.1,
ESTAT:TPS00205(1.0),14/03/24 11:00:00,A,YR,M,Y_LT1,ME,2015,74.4,
ESTAT:TPS00205(1.0),14/03/24 11:00:00,A,YR,M,Y_LT1,ME,2016,74.1,
ESTAT:TPS00205(1.0),14/03/24 11:00:00,A,YR,M,Y_LT1,ME,2017,73.9,
ESTAT:TPS00205(1.0),14/03/24 11:00:00,A,YR,M,Y_LT1,ME,2018,74.5,
ESTAT:TPS00205(1.0),14/03/24 11:00:00,A,YR,M,Y_LT1,ME,2019,74.0,
ESTAT:TPS00205(1.0),14/03/24 11:00:00,A,YR,M,Y_LT1,ME,2020,73.2,
ESTAT:TPS00205(1.0),14/03/24 11:00:00,A,YR,M,Y_LT1,ME,2021,70.8,
ESTAT:TPS00205(1.0),14/03/24 11:00:00,A,YR,M,Y_LT1,MK,2011,73.1,
ESTAT:TPS00205(1.0),14/03/24 11:00:00,A,YR,M,Y_LT1,MK,2012,73.0,
ESTAT:TPS00205(1.0),14/03/24 11:00:00,A,YR,M,Y_LT1,MK,2013,73.4,
ESTAT:TPS00205(1.0),14/03/24 11:00:00,A,YR,M,Y_LT1,MK,2014,73.5,
ESTAT:TPS00205(1.0),14/03/24 11:00:00,A,YR,M,Y_LT1,MK,2015,73.5,
ESTAT:TPS00205(1.0),14/03/24 11:00:00,A,YR,M,Y_LT1,MK,2016,73.4,
ESTAT:TPS00205(1.0),14/03/24 11:00:00,A,YR,M,Y_LT1,MK,2017,74.1,
ESTAT:TPS00205(1.0),14/03/24 11:00:00,A,YR,M,Y_LT1,MK,2018,74.6,
ESTAT:TPS00205(1.0),14/03/24 11:00:00,A,YR,M,Y_LT1,MK,2019,74.7,
ESTAT:TPS00205(1.0),14/03/24 11:00:00,A,YR,M,Y_LT1,MK,2020,72.2,
ESTAT:TPS00205(1.0),14/03/24 11:00:00,A,YR,M,Y_LT1,MK,2021,71.1,b
ESTAT:TPS00205(1.0),14/03/24 11:00:00,A,YR,M,Y_LT1,MT,2011,78.6,
ESTAT:TPS00205(1.0),14/03/24 11:00:00,A,YR,M,Y_LT1,MT,2012,78.6,
ESTAT:TPS00205(1.0),14/03/24 11:00:00,A,YR,M,Y_LT1,MT,2013,79.6,
ESTAT:TPS00205(1.0),14/03/24 11:00:00,A,YR,M,Y_LT1,MT,2014,79.9,
ESTAT:TPS00205(1.0),14/03/24 11:00:00,A,YR,M,Y_LT1,MT,2015,79.8,
ESTAT:TPS00205(1.0),14/03/24 11:00:00,A,YR,M,Y_LT1,MT,2016,80.6,
ESTAT:TPS00205(1.0),14/03/24 11:00:00,A,YR,M,Y_LT1,MT,2017,80.2,
ESTAT:TPS00205(1.0),14/03/24 11:00:00,A,YR,M,Y_LT1,MT,2018,80.4,
ESTAT:TPS00205(1.0),14/03/24 11:00:00,A,YR,M,Y_LT1,MT,2019,81.2,
ESTAT:TPS00205(1.0),14/03/24 11:00:00,A,YR,M,Y_LT1,MT,2020,80.3,
ESTAT:TPS00205(1.0),14/03/24 11:00:00,A,YR,M,Y_LT1,MT,2021,80.8,p
ESTAT:TPS00205(1.0),14/03/24 11:00:00,A,YR,M,Y_LT1,MT,2022,80.4,p
ESTAT:TPS00205(1.0),14/03/24 11:00:00,A,YR,M,Y_LT1,NL,2011,79.4,
ESTAT:TPS00205(1.0),14/03/24 11:00:00,A,YR,M,Y_LT1,NL,2012,79.3,
ESTAT:TPS00205(1.0),14/03/24 11:00:00,A,YR,M,Y_LT1,NL,2013,79.5,
ESTAT:TPS00205(1.0),14/03/24 11:00:00,A,YR,M,Y_LT1,NL,2014,80.0,
ESTAT:TPS00205(1.0),14/03/24 11:00:00,A,YR,M,Y_LT1,NL,2015,79.9,
ESTAT:TPS00205(1.0),14/03/24 11:00:00,A,YR,M,Y_LT1,NL,2016,80.0,
ESTAT:TPS00205(1.0),14/03/24 11:00:00,A,YR,M,Y_LT1,NL,2017,80.2,
ESTAT:TPS00205(1.0),14/03/24 11:00:00,A,YR,M,Y_LT1,NL,2018,80.3,
ESTAT:TPS00205(1.0),14/03/24 11:00:00,A,YR,M,Y_LT1,NL,2019,80.6,
ESTAT:TPS00205(1.0),14/03/24 11:00:00,A,YR,M,Y_LT1,NL,2020,79.7,
ESTAT:TPS00205(1.0),14/03/24 11:00:00,A,YR,M,Y_LT1,NL,2021,79.7,
ESTAT:TPS00205(1.0),14/03/24 11:00:00,A,YR,M,Y_LT1,NL,2022,80.2,
ESTAT:TPS00205(1.0),14/03/24 11:00:00,A,YR,M,Y_LT1,NO,2011,79.1,
ESTAT:TPS00205(1.0),14/03/24 11:00:00,A,YR,M,Y_LT1,NO,2012,79.5,
ESTAT:TPS00205(1.0),14/03/24 11:00:00,A,YR,M,Y_LT1,NO,2013,79.8,
ESTAT:TPS00205(1.0),14/03/24 11:00:00,A,YR,M,Y_LT1,NO,2014,80.1,
ESTAT:TPS00205(1.0),14/03/24 11:00:00,A,YR,M,Y_LT1,NO,2015,80.5,
ESTAT:TPS00205(1.0),14/03/24 11:00:00,A,YR,M,Y_LT1,NO,2016,80.7,
ESTAT:TPS00205(1.0),14/03/24 11:00:00,A,YR,M,Y_LT1,NO,2017,81.0,
ESTAT:TPS00205(1.0),14/03/24 11:00:00,A,YR,M,Y_LT1,NO,2018,81.1,
ESTAT:TPS00205(1.0),14/03/24 11:00:00,A,YR,M,Y_LT1,NO,2019,81.3,
ESTAT:TPS00205(1.0),14/03/24 11:00:00,A,YR,M,Y_LT1,NO,2020,81.6,
ESTAT:TPS00205(1.0),14/03/24 11:00:00,A,YR,M,Y_LT1,NO,2021,81.7,
ESTAT:TPS00205(1.0),14/03/24 11:00:00,A,YR,M,Y_LT1,NO,2022,80.9,
ESTAT:TPS00205(1.0),14/03/24 11:00:00,A,YR,M,Y_LT1,PL,2011,72.5,
ESTAT:TPS00205(1.0),14/03/24 11:00:00,A,YR,M,Y_LT1,PL,2012,72.6,
ESTAT:TPS00205(1.0),14/03/24 11:00:00,A,YR,M,Y_LT1,PL,2013,73.0,
ESTAT:TPS00205(1.0),14/03/24 11:00:00,A,YR,M,Y_LT1,PL,2014,73.7,
ESTAT:TPS00205(1.0),14/03/24 11:00:00,A,YR,M,Y_LT1,PL,2015,73.5,
ESTAT:TPS00205(1.0),14/03/24 11:00:00,A,YR,M,Y_LT1,PL,2016,73.9,
ESTAT:TPS00205(1.0),14/03/24 11:00:00,A,YR,M,Y_LT1,PL,2017,73.9,
ESTAT:TPS00205(1.0),14/03/24 11:00:00,A,YR,M,Y_LT1,PL,2018,73.7,
ESTAT:TPS00205(1.0),14/03/24 11:00:00,A,YR,M,Y_LT1,PL,2019,74.1,
ESTAT:TPS00205(1.0),14/03/24 11:00:00,A,YR,M,Y_LT1,PL,2020,72.5,ep
ESTAT:TPS00205(1.0),14/03/24 11:00:00,A,YR,M,Y_LT1,PL,2021,71.6,ep
ESTAT:TPS00205(1.0),14/03/24 11:00:00,A,YR,M,Y_LT1,PL,2022,73.4,b
ESTAT:TPS00205(1.0),14/03/24 11:00:00,A,YR,M,Y_LT1,PT,2011,77.3,
ESTAT:TPS00205(1.0),14/03/24 11:00:00,A,YR,M,Y_LT1,PT,2012,77.3,
ESTAT:TPS00205(1.0),14/03/24 11:00:00,A,YR,M,Y_LT1,PT,2013,77.6,
ESTAT:TPS00205(1.0),14/03/24 11:00:00,A,YR,M,Y_LT1,PT,2014,78.0,
ESTAT:TPS00205(1.0),14/03/24 11:00:00,A,YR,M,Y_LT1,PT,2015,78.1,
ESTAT:TPS00205(1.0),14/03/24 11:00:00,A,YR,M,Y_LT1,PT,2016,78.1,
ESTAT:TPS00205(1.0),14/03/24 11:00:00,A,YR,M,Y_LT1,PT,2017,78.4,
ESTAT:TPS00205(1.0),14/03/24 11:00:00,A,YR,M,Y_LT1,PT,2018,78.3,
ESTAT:TPS00205(1.0),14/03/24 11:00:00,A,YR,M,Y_LT1,PT,2019,78.7,
ESTAT:TPS00205(1.0),14/03/24 11:00:00,A,YR,M,Y_LT1,PT,2020,78.0,
ESTAT:TPS00205(1.0),14/03/24 11:00:00,A,YR,M,Y_LT1,PT,2021,78.5,bp
ESTAT:TPS00205(1.0),14/03/24 11:00:00,A,YR,M,Y_LT1,PT,2022,78.9,bp
ESTAT:TPS00205(1.0),14/03/24 11:00:00,A,YR,M,Y_LT1,RO,2011,70.8,
ESTAT:TPS00205(1.0),14/03/24 11:00:00,A,YR,M,Y_LT1,RO,2012,70.9,
ESTAT:TPS00205(1.0),14/03/24 11:00:00,A,YR,M,Y_LT1,RO,2013,71.6,
ESTAT:TPS00205(1.0),14/03/24 11:00:00,A,YR,M,Y_LT1,RO,2014,71.3,
ESTAT:TPS00205(1.0),14/03/24 11:00:00,A,YR,M,Y_LT1,RO,2015,71.4,
ESTAT:TPS00205(1.0),14/03/24 11:00:00,A,YR,M,Y_LT1,RO,2016,71.6,
ESTAT:TPS00205(1.0),14/03/24 11:00:00,A,YR,M,Y_LT1,RO,2017,71.6,
ESTAT:TPS00205(1.0),14/03/24 11:00:00,A,YR,M,Y_LT1,RO,2018,71.7,
ESTAT:TPS00205(1.0),14/03/24 11:00:00,A,YR,M,Y_LT1,RO,2019,71.9,e
ESTAT:TPS00205(1.0),14/03/24 11:00:00,A,YR,M,Y_LT1,RO,2020,70.4,e
ESTAT:TPS00205(1.0),14/03/24 11:00:00,A,YR,M,Y_LT1,RO,2021,69.2,e
ESTAT:TPS00205(1.0),14/03/24 11:00:00,A,YR,M,Y_LT1,RO,2022,71.3,e
ESTAT:TPS00205(1.0),14/03/24 11:00:00,A,YR,M,Y_LT1,RS,2011,72.0,b
ESTAT:TPS00205(1.0),14/03/24 11:00:00,A,YR,M,Y_LT1,RS,2012,72.3,
ESTAT:TPS00205(1.0),14/03/24 11:00:00,A,YR,M,Y_LT1,RS,2013,72.6,
ESTAT:TPS00205(1.0),14/03/24 11:00:00,A,YR,M,Y_LT1,RS,2014,72.8,
ESTAT:TPS00205(1.0),14/03/24 11:00:00,A,YR,M,Y_LT1,RS,2015,72.8,
ESTAT:TPS00205(1.0),14/03/24 11:00:00,A,YR,M,Y_LT1,RS,2016,73.2,
ESTAT:TPS00205(1.0),14/03/24 11:00:00,A,YR,M,Y_LT1,RS,2017,73.1,
ESTAT:TPS00205(1.0),14/03/24 11:00:00,A,YR,M,Y_LT1,RS,2018,73.5,
ESTAT:TPS00205(1.0),14/03/24 11:00:00,A,YR,M,Y_LT1,RS,2019,73.4,
ESTAT:TPS00205(1.0),14/03/24 11:00:00,A,YR,M,Y_LT1,RS,2020,71.6,
ESTAT:TPS00205(1.0),14/03/24 11:00:00,A,YR,M,Y_LT1,RS,2021,70.0,
ESTAT:TPS00205(1.0),14/03/24 11:00:00,A,YR,M,Y_LT1,RS,2022,72.7,b
ESTAT:TPS00205(1.0),14/03/24 11:00:00,A,YR,M,Y_LT1,SE,2011,79.9,
ESTAT:TPS00205(1.0),14/03/24 11:00:00,A,YR,M,Y_LT1,SE,2012,79.9,
ESTAT:TPS00205(1.0),14/03/24 11:00:00,A,YR,M,Y_LT1,SE,2013,80.2,
ESTAT:TPS00205(1.0),14/03/24 11:00:00,A,YR,M,Y_LT1,SE,2014,80.4,
ESTAT:TPS00205(1.0),14/03/24 11:00:00,A,YR,M,Y_LT1,SE,2015,80.4,
ESTAT:TPS00205(1.0),14/03/24 11:00:00,A,YR,M,Y_LT1,SE,2016,80.6,
ESTAT:TPS00205(1.0),14/03/24 11:00:00,A,YR,M,Y_LT1,SE,2017,80.8,
ESTAT:TPS00205(1.0),14/03/24 11:00:00,A,YR,M,Y_LT1,SE,2018,80.9,
ESTAT:TPS00205(1.0),14/03/24 11:00:00,A,YR,M,Y_LT1,SE,2019,81.5,
ESTAT:TPS00205(1.0),14/03/24 11:00:00,A,YR,M,Y_LT1,SE,2020,80.6,
ESTAT:TPS00205(1.0),14/03/24 11:00:00,A,YR,M,Y_LT1,SE,2021,81.3,
ESTAT:TPS00205(1.0),14/03/24 11:00:00,A,YR,M,Y_LT1,SE,2022,81.4,
ESTAT:TPS00205(1.0),14/03/24 11:00:00,A,YR,M,Y_LT1,SI,2011,76.8,
ESTAT:TPS00205(1.0),14/03/24 11:00:00,A,YR,M,Y_LT1,SI,2012,77.1,
ESTAT:TPS00205(1.0),14/03/24 11:00:00,A,YR,M,Y_LT1,SI,2013,77.2,
ESTAT:TPS00205(1.0),14/03/24 11:00:00,A,YR,M,Y_LT1,SI,2014,78.2,
ESTAT:TPS00205(1.0),14/03/24 11:00:00,A,YR,M,Y_LT1,SI,2015,77.8,
ESTAT:TPS00205(1.0),14/03/24 11:00:00,A,YR,M,Y_LT1,SI,2016,78.2,
ESTAT:TPS00205(1.0),14/03/24 11:00:00,A,YR,M,Y_LT1,SI,2017,78.2,
ESTAT:TPS00205(1.0),14/03/24 11:00:00,A,YR,M,Y_LT1,SI,2018,78.5,
ESTAT:TPS00205(1.0),14/03/24 11:00:00,A,YR,M,Y_LT1,SI,2019,78.7,
ESTAT:TPS00205(1.0),14/03/24 11:00:00,A,YR,M,Y_LT1,SI,2020,77.8,
ESTAT:TPS00205(1.0),14/03/24 11:00:00,A,YR,M,Y_LT1,SI,2021,77.7,
ESTAT:TPS00205(1.0),14/03/24 11:00:00,A,YR,M,Y_LT1,SI,2022,78.6,
ESTAT:TPS00205(1.0),14/03/24 11:00:00,A,YR,M,Y_LT1,SK,2011,72.3,
ESTAT:TPS00205(1.0),14/03/24 11:00:00,A,YR,M,Y_LT1,SK,2012,72.5,
ESTAT:TPS00205(1.0),14/03/24 11:00:00,A,YR,M,Y_LT1,SK,2013,72.9,
ESTAT:TPS00205(1.0),14/03/24 11:00:00,A,YR,M,Y_LT1,SK,2014,73.3,
ESTAT:TPS00205(1.0),14/03/24 11:00:00,A,YR,M,Y_LT1,SK,2015,73.1,
ESTAT:TPS00205(1.0),14/03/24 11:00:00,A,YR,M,Y_LT1,SK,2016,73.8,
ESTAT:TPS00205(1.0),14/03/24 11:00:00,A,YR,M,Y_LT1,SK,2017,73.8,
ESTAT:TPS00205(1.0),14/03/24 11:00:00,A,YR,M,Y_LT1,SK,2018,73.9,
ESTAT:TPS00205(1.0),14/03/24 11:00:00,A,YR,M,Y_LT1,SK,2019,74.3,
ESTAT:TPS00205(1.0),14/03/24 11:00:00,A,YR,M,Y_LT1,SK,2020,73.5,
ESTAT:TPS00205(1.0),14/03/24 11:00:00,A,YR,M,Y_LT1,SK,2021,71.2,
ESTAT:TPS00205(1.0),14/03/24 11:00:00,A,YR,M,Y_LT1,SK,2022,73.6,
ESTAT:TPS00205(1.0),14/03/24 11:00:00,A,YR,M,Y_LT1,SM,2012,84.1,
ESTAT:TPS00205(1.0),14/03/24 11:00:00,A,YR,M,Y_LT1,TR,2011,74.4,
ESTAT:TPS00205(1.0),14/03/24 11:00:00,A,YR,M,Y_LT1,TR,2012,74.8,
ESTAT:TPS00205(1.0),14/03/24 11:00:00,A,YR,M,Y_LT1,TR,2013,75.4,
ESTAT:TPS00205(1.0),14/03/24 11:00:00,A,YR,M,Y_LT1,TR,2014,75.4,
ESTAT:TPS00205(1.0),14/03/24 11:00:00,A,YR,M,Y_LT1,TR,2015,75.4,
ESTAT:TPS00205(1.0),14/03/24 11:00:00,A,YR,M,Y_LT1,TR,2016,75.4,
ESTAT:TPS00205(1.0),14/03/24 11:00:00,A,YR,M,Y_LT1,TR,2017,75.7,
ESTAT:TPS00205(1.0),14/03/24 11:00:00,A,YR,M,Y_LT1,TR,2018,76.2,
ESTAT:TPS00205(1.0),14/03/24 11:00:00,A,YR,M,Y_LT1,TR,2019,76.4,
ESTAT:TPS00205(1.0),14/03/24 11:00:00,A,YR,M,Y_LT1,TR,2022,74.3,
ESTAT:TPS00205(1.0),14/03/24 11:00:00,A,YR,M,Y_LT1,UA,2011,66.0,
ESTAT:TPS00205(1.0),14/03/24 11:00:00,A,YR,M,Y_LT1,UA,2012,66.1,
ESTAT:TPS00205(1.0),14/03/24 11:00:00,A,YR,M,Y_LT1,UA,2014,66.6,
ESTAT:TPS00205(1.0),14/03/24 11:00:00,A,YR,M,Y_LT1,UA,2015,67.5,
ESTAT:TPS00205(1.0),14/03/24 11:00:00,A,YR,M,Y_LT1,UA,2016,68.0,
ESTAT:TPS00205(1.0),14/03/24 11:00:00,A,YR,M,Y_LT1,UA,2017,68.3,
ESTAT:TPS00205(1.0),14/03/24 11:00:00,A,YR,M,Y_LT1,UA,2018,68.1,
ESTAT:TPS00205(1.0),14/03/24 11:00:00,A,YR,M,Y_LT1,UA,2019,68.4,
ESTAT:TPS00205(1.0),14/03/24 11:00:00,A,YR,M,Y_LT1,UK,2011,79.0,
ESTAT:TPS00205(1.0),14/03/24 11:00:00,A,YR,M,Y_LT1,UK,2012,79.1,
ESTAT:TPS00205(1.0),14/03/24 11:00:00,A,YR,M,Y_LT1,UK,2013,79.2,
ESTAT:TPS00205(1.0),14/03/24 11:00:00,A,YR,M,Y_LT1,UK,2014,79.5,
ESTAT:TPS00205(1.0),14/03/24 11:00:00,A,YR,M,Y_LT1,UK,2015,79.2,
ESTAT:TPS00205(1.0),14/03/24 11:00:00,A,YR,M,Y_LT1,UK,2016,79.4,
ESTAT:TPS00205(1.0),14/03/24 11:00:00,A,YR,M,Y_LT1,UK,2017,79.5,
ESTAT:TPS00205(1.0),14/03/24 11:00:00,A,YR,M,Y_LT1,UK,2018,79.5,
ESTAT:TPS00205(1.0),14/03/24 11:00:00,A,YR,M,Y_LT1,XK,2016,75.9,p
ESTAT:TPS00205(1.0),14/03/24 11:00:00,A,YR,T,Y_LT1,AL,2013,77.9,
ESTAT:TPS00205(1.0),14/03/24 11:00:00,A,YR,T,Y_LT1,AL,2014,78.2,
ESTAT:TPS00205(1.0),14/03/24 11:00:00,A,YR,T,Y_LT1,AL,2015,77.9,
ESTAT:TPS00205(1.0),14/03/24 11:00:00,A,YR,T,Y_LT1,AL,2016,78.5,
ESTAT:TPS00205(1.0),14/03/24 11:00:00,A,YR,T,Y_LT1,AL,2017,78.5,
ESTAT:TPS00205(1.0),14/03/24 11:00:00,A,YR,T,Y_LT1,AL,2018,78.9,
ESTAT:TPS00205(1.0),14/03/24 11:00:00,A,YR,T,Y_LT1,AL,2019,79.1,
ESTAT:TPS00205(1.0),14/03/24 11:00:00,A,YR,T,Y_LT1,AL,2020,77.4,
ESTAT:TPS00205(1.0),14/03/24 11:00:00,A,YR,T,Y_LT1,AL,2021,75.5,
ESTAT:TPS00205(1.0),14/03/24 11:00:00,A,YR,T,Y_LT1,AL,2022,79.1,
ESTAT:TPS00205(1.0),14/03/24 11:00:00,A,YR,T,Y_LT1,AM,2015,75.1,
ESTAT:TPS00205(1.0),14/03/24 11:00:00,A,YR,T,Y_LT1,AM,2016,75.1,
ESTAT:TPS00205(1.0),14/03/24 11:00:00,A,YR,T,Y_LT1,AM,2017,75.8,
ESTAT:TPS00205(1.0),14/03/24 11:00:00,A,YR,T,Y_LT1,AM,2018,76.7,
ESTAT:TPS00205(1.0),14/03/24 11:00:00,A,YR,T,Y_LT1,AM,2019,76.6,
ESTAT:TPS00205(1.0),14/03/24 11:00:00,A,YR,T,Y_LT1,AT,2011,81.1,
ESTAT:TPS00205(1.0),14/03/24 11:00:00,A,YR,T,Y_LT1,AT,2012,81.1,
ESTAT:TPS00205(1.0),14/03/24 11:00:00,A,YR,T,Y_LT1,AT,2013,81.3,
ESTAT:TPS00205(1.0),14/03/24 11:00:00,A,YR,T,Y_LT1,AT,2014,81.6,
ESTAT:TPS00205(1.0),14/03/24 11:00:00,A,YR,T,Y_LT1,AT,2015,81.3,
ESTAT:TPS00205(1.0),14/03/24 11:00:00,A,YR,T,Y_LT1,AT,2016,81.8,
ESTAT:TPS00205(1.0),14/03/24 11:00:00,A,YR,T,Y_LT1,AT,2017,81.7,
ESTAT:TPS00205(1.0),14/03/24 11:00:00,A,YR,T,Y_LT1,AT,2018,81.8,
ESTAT:TPS00205(1.0),14/03/24 11:00:00,A,YR,T,Y_LT1,AT,2019,82.0,
ESTAT:TPS00205(1.0),14/03/24 11:00:00,A,YR,T,Y_LT1,AT,2020,81.3,
ESTAT:TPS00205(1.0),14/03/24 11:00:00,A,YR,T,Y_LT1,AT,2021,81.3,
ESTAT:TPS00205(1.0),14/03/24 11:00:00,A,YR,T,Y_LT1,AT,2022,81.4,
ESTAT:TPS00205(1.0),14/03/24 11:00:00,A,YR,T,Y_LT1,AZ,2012,74.1,
ESTAT:TPS00205(1.0),14/03/24 11:00:00,A,YR,T,Y_LT1,AZ,2013,74.7,
ESTAT:TPS00205(1.0),14/03/24 11:00:00,A,YR,T,Y_LT1,AZ,2014,74.8,
ESTAT:TPS00205(1.0),14/03/24 11:00:00,A,YR,T,Y_LT1,AZ,2015,75.3,
ESTAT:TPS00205(1.0),14/03/24 11:00:00,A,YR,T,Y_LT1,AZ,2017,75.6,
ESTAT:TPS00205(1.0),14/03/24 11:00:00,A,YR,T,Y_LT1,AZ,2018,76.0,
ESTAT:TPS00205(1.0),14/03/24 11:00:00,A,YR,T,Y_LT1,AZ,2019,76.6,
ESTAT:TPS00205(1.0),14/03/24 11:00:00,A,YR,T,Y_LT1,BE,2011,80.7,b
ESTAT:TPS00205(1.0),14/03/24 11:00:00,A,YR,T,Y_LT1,BE,2012,80.5,
ESTAT:TPS00205(1.0),14/03/24 11:00:00,A,YR,T,Y_LT1,BE,2013,80.7,
ESTAT:TPS00205(1.0),14/03/24 11:00:00,A,YR,T,Y_LT1,BE,2014,81.4,
ESTAT:TPS00205(1.0),14/03/24 11:00:00,A,YR,T,Y_LT1,BE,2015,81.1,
ESTAT:TPS00205(1.0),14/03/24 11:00:00,A,YR,T,Y_LT1,BE,2016,81.5,
ESTAT:TPS00205(1.0),14/03/24 11:00:00,A,YR,T,Y_LT1,BE,2017,81.6,
ESTAT:TPS00205(1.0),14/03/24 11:00:00,A,YR,T,Y_LT1,BE,2018,81.7,
ESTAT:TPS00205(1.0),14/03/24 11:00:00,A,YR,T,Y_LT1,BE,2019,82.1,
ESTAT:TPS00205(1.0),14/03/24 11:00:00,A,YR,T,Y_LT1,BE,2020,80.8,
ESTAT:TPS00205(1.0),14/03/24 11:00:00,A,YR,T,Y_LT1,BE,2021,81.9,
ESTAT:TPS00205(1.0),14/03/24 11:00:00,A,YR,T,Y_LT1,BE,2022,81.8,
ESTAT:TPS00205(1.0),14/03/24 11:00:00,A,YR,T,Y_LT1,BG,2011,74.2,
ESTAT:TPS00205(1.0),14/03/24 11:00:00,A,YR,T,Y_LT1,BG,2012,74.4,
ESTAT:TPS00205(1.0),14/03/24 11:00:00,A,YR,T,Y_LT1,BG,2013,74.9,
ESTAT:TPS00205(1.0),14/03/24 11:00:00,A,YR,T,Y_LT1,BG,2014,74.5,
ESTAT:TPS00205(1.0),14/03/24 11:00:00,A,YR,T,Y_LT1,BG,2015,74.7,
ESTAT:TPS00205(1.0),14/03/24 11:00:00,A,YR,T,Y_LT1,BG,2016,74.9,
ESTAT:TPS00205(1.0),14/03/24 11:00:00,A,YR,T,Y_LT1,BG,2017,74.8,
ESTAT:TPS00205(1.0),14/03/24 11:00:00,A,YR,T,Y_LT1,BG,2018,75.0,
ESTAT:TPS00205(1.0),14/03/24 11:00:00,A,YR,T,Y_LT1,BG,2019,75.1,
ESTAT:TPS00205(1.0),14/03/24 11:00:00,A,YR,T,Y_LT1,BG,2020,73.6,
ESTAT:TPS00205(1.0),14/03/24 11:00:00,A,YR,T,Y_LT1,BG,2021,71.4,
ESTAT:TPS00205(1.0),14/03/24 11:00:00,A,YR,T,Y_LT1,BG,2022,74.2,b
ESTAT:TPS00205(1.0),14/03/24 11:00:00,A,YR,T,Y_LT1,BY,2011,70.7,
ESTAT:TPS00205(1.0),14/03/24 11:00:00,A,YR,T,Y_LT1,BY,2012,72.3,
ESTAT:TPS00205(1.0),14/03/24 11:00:00,A,YR,T,Y_LT1,BY,2013,72.7,
ESTAT:TPS00205(1.0),14/03/24 11:00:00,A,YR,T,Y_LT1,BY,2014,73.3,
ESTAT:TPS00205(1.0),14/03/24 11:00:00,A,YR,T,Y_LT1,BY,2015,74.0,
ESTAT:TPS00205(1.0),14/03/24 11:00:00,A,YR,T,Y_LT1,BY,2016,74.2,
ESTAT:TPS00205(1.0),14/03/24 11:00:00,A,YR,T,Y_LT1,BY,2017,74.5,
ESTAT:TPS00205(1.0),14/03/24 11:00:00,A,YR,T,Y_LT1,BY,2018,74.5,
ESTAT:TPS00205(1.0),14/03/24 11:00:00,A,YR,T,Y_LT1,CH,2011,82.8,b
ESTAT:TPS00205(1.0),14/03/24 11:00:00,A,YR,T,Y_LT1,CH,2012,82.8,
ESTAT:TPS00205(1.0),14/03/24 11:00:00,A,YR,T,Y_LT1,CH,2013,82.9,
ESTAT:TPS00205(1.0),14/03/24 11:00:00,A,YR,T,Y_LT1,CH,2014,83.3,
ESTAT:TPS00205(1.0),14/03/24 11:00:00,A,YR,T,Y_LT1,CH,2015,83.0,
ESTAT:TPS00205(1.0),14/03/24 11:00:00,A,YR,T,Y_LT1,CH,2016,83.7,
ESTAT:TPS00205(1.0),14/03/24 11:00:00,A,YR,T,Y_LT1,CH,2017,83.7,
ESTAT:TPS00205(1.0),14/03/24 11:00:00,A,YR,T,Y_LT1,CH,2018,83.8,
ESTAT:TPS00205(1.0),14/03/24 11:00:00,A,YR,T,Y_LT1,CH,2019,84.0,
ESTAT:TPS00205(1.0),14/03/24 11:00:00,A,YR,T,Y_LT1,CH,2020,83.1,
ESTAT:TPS00205(1.0),14/03/24 11:00:00,A,YR,T,Y_LT1,CH,2021,83.9,
ESTAT:TPS00205(1.0),14/03/24 11:00:00,A,YR,T,Y_LT1,CH,2022,83.7,
ESTAT:TPS00205(1.0),14/03/24 11:00:00,A,YR,T,Y_LT1,CY,2011,81.2,
ESTAT:TPS00205(1.0),14/03/24 11:00:00,A,YR,T,Y_LT1,CY,2012,81.1,
ESTAT:TPS00205(1.0),14/03/24 11:00:00,A,YR,T,Y_LT1,CY,2013,82.5,
ESTAT:TPS00205(1.0),14/03/24 11:00:00,A,YR,T,Y_LT1,CY,2014,82.3,
ESTAT:TPS00205(1.0),14/03/24 11:00:00,A,YR,T,Y_LT1,CY,2015,81.8,
ESTAT:TPS00205(1.0),14/03/24 11:00:00,A,YR,T,Y_LT1,CY,2016,82.7,
ESTAT:TPS00205(1.0),14/03/24 11:00:00,A,YR,T,Y_LT1,CY,2017,82.2,
ESTAT:TPS00205(1.0),14/03/24 11:00:00,A,YR,T,Y_LT1,CY,2018,82.9,
ESTAT:TPS00205(1.0),14/03/24 11:00:00,A,YR,T,Y_LT1,CY,2019,82.3,
ESTAT:TPS00205(1.0),14/03/24 11:00:00,A,YR,T,Y_LT1,CY,2020,82.4,
ESTAT:TPS00205(1.0),14/03/24 11:00:00,A,YR,T,Y_LT1,CY,2021,81.3,
ESTAT:TPS00205(1.0),14/03/24 11:00:00,A,YR,T,Y_LT1,CY,2022,81.6,
ESTAT:TPS00205(1.0),14/03/24 11:00:00,A,YR,T,Y_LT1,CZ,2011,78.0,
ESTAT:TPS00205(1.0),14/03/24 11:00:00,A,YR,T,Y_LT1,CZ,2012,78.1,
ESTAT:TPS00205(1.0),14/03/24 11:00:00,A,YR,T,Y_LT1,CZ,2013,78.3,
ESTAT:TPS00205(1.0),14/03/24 11:00:00,A,YR,T,Y_LT1,CZ,2014,78.9,
ESTAT:TPS00205(1.0),14/03/24 11:00:00,A,YR,T,Y_LT1,CZ,2015,78.7,
ESTAT:TPS00205(1.0),14/03/24 11:00:00,A,YR,T,Y_LT1,CZ,2016,79.1,
ESTAT:TPS00205(1.0),14/03/24 11:00:00,A,YR,T,Y_LT1,CZ,2017,79.1,
ESTAT:TPS00205(1.0),14/03/24 11:00:00,A,YR,T,Y_LT1,CZ,2018,79.1,
ESTAT:TPS00205(1.0),14/03/24 11:00:00,A,YR,T,Y_LT1,CZ,2019,79.3,
ESTAT:TPS00205(1.0),14/03/24 11:00:00,A,YR,T,Y_LT1,CZ,2020,78.2,b
ESTAT:TPS00205(1.0),14/03/24 11:00:00,A,YR,T,Y_LT1,CZ,2021,77.2,
ESTAT:TPS00205(1.0),14/03/24 11:00:00,A,YR,T,Y_LT1,CZ,2022,79.0,
ESTAT:TPS00205(1.0),14/03/24 11:00:00,A,YR,T,Y_LT1,DE,2011,80.6,b
ESTAT:TPS00205(1.0),14/03/24 11:00:00,A,YR,T,Y_LT1,DE,2012,80.7,
ESTAT:TPS00205(1.0),14/03/24 11:00:00,A,YR,T,Y_LT1,DE,2013,80.6,
ESTAT:TPS00205(1.0),14/03/24 11:00:00,A,YR,T,Y_LT1,DE,2014,81.2,
ESTAT:TPS00205(1.0),14/03/24 11:00:00,A,YR,T,Y_LT1,DE,2015,80.7,
ESTAT:TPS00205(1.0),14/03/24 11:00:00,A,YR,T,Y_LT1,DE,2016,81.0,
ESTAT:TPS00205(1.0),14/03/24 11:00:00,A,YR,T,Y_LT1,DE,2017,81.1,
ESTAT:TPS00205(1.0),14/03/24 11:00:00,A,YR,T,Y_LT1,DE,2018,81.0,
ESTAT:TPS00205(1.0),14/03/24 11:00:00,A,YR,T,Y_LT1,DE,2019,81.3,
ESTAT:TPS00205(1.0),14/03/24 11:00:00,A,YR,T,Y_LT1,DE,2020,81.1,
ESTAT:TPS00205(1.0),14/03/24 11:00:00,A,YR,T,Y_LT1,DE,2021,80.8,
ESTAT:TPS00205(1.0),14/03/24 11:00:00,A,YR,T,Y_LT1,DE,2022,80.7,
ESTAT:TPS00205(1.0),14/03/24 11:00:00,A,YR,T,Y_LT1,DK,2011,79.9,
ESTAT:TPS00205(1.0),14/03/24 11:00:00,A,YR,T,Y_LT1,DK,2012,80.2,
ESTAT:TPS00205(1.0),14/03/24 11:00:00,A,YR,T,Y_LT1,DK,2013,80.4,
ESTAT:TPS00205(1.0),14/03/24 11:00:00,A,YR,T,Y_LT1,DK,2014,80.7,
ESTAT:TPS00205(1.0),14/03/24 11:00:00,A,YR,T,Y_LT1,DK,2015,80.8,
ESTAT:TPS00205(1.0),14/03/24 11:00:00,A,YR,T,Y_LT1,DK,2016,80.9,
ESTAT:TPS00205(1.0),14/03/24 11:00:00,A,YR,T,Y_LT1,DK,2017,81.1,
ESTAT:TPS00205(1.0),14/03/24 11:00:00,A,YR,T,Y_LT1,DK,2018,81.0,
ESTAT:TPS00205(1.0),14/03/24 11:00:00,A,YR,T,Y_LT1,DK,2019,81.5,
ESTAT:TPS00205(1.0),14/03/24 11:00:00,A,YR,T,Y_LT1,DK,2020,81.6,
ESTAT:TPS00205(1.0),14/03/24 11:00:00,A,YR,T,Y_LT1,DK,2021,81.5,
ESTAT:TPS00205(1.0),14/03/24 11:00:00,A,YR,T,Y_LT1,DK,2022,81.3,
ESTAT:TPS00205(1.0),14/03/24 11:00:00,A,YR,T,Y_LT1,EA19,2011,81.3,b
ESTAT:TPS00205(1.0),14/03/24 11:00:00,A,YR,T,Y_LT1,EA19,2012,81.3,b
ESTAT:TPS00205(1.0),14/03/24 11:00:00,A,YR,T,Y_LT1,EA19,2013,81.6,
ESTAT:TPS00205(1.0),14/03/24 11:00:00,A,YR,T,Y_LT1,EA19,2014,82.0,b
ESTAT:TPS00205(1.0),14/03/24 11:00:00,A,YR,T,Y_LT1,EA19,2015,81.6,b
ESTAT:TPS00205(1.0),14/03/24 11:00:00,A,YR,T,Y_LT1,EA19,2016,82.0,
ESTAT:TPS00205(1.0),14/03/24 11:00:00,A,YR,T,Y_LT1,EA19,2017,82.0,b
ESTAT:TPS00205(1.0),14/03/24 11:00:00,A,YR,T,Y_LT1,EA19,2018,82.1,ep
ESTAT:TPS00205(1.0),14/03/24 11:00:00,A,YR,T,Y_LT1,EA19,2019,82.4,bep
ESTAT:TPS00205(1.0),14/03/24 11:00:00,A,YR,T,Y_LT1,EA19,2020,81.6,bp
ESTAT:TPS00205(1.0),14/03/24 11:00:00,A,YR,T,Y_LT1,EA19,2021,81.6,bp
ESTAT:TPS00205(1.0),14/03/24 11:00:00,A,YR,T,Y_LT1,EA19,2022,81.7,bp
ESTAT:TPS00205(1.0),14/03/24 11:00:00,A,YR,T,Y_LT1,EA20,2021,81.6,bp
ESTAT:TPS00205(1.0),14/03/24 11:00:00,A,YR,T,Y_LT1,EA20,2022,81.6,bp
ESTAT:TPS00205(1.0),14/03/24 11:00:00,A,YR,T,Y_LT1,EE,2011,76.6,
ESTAT:TPS00205(1.0),14/03/24 11:00:00,A,YR,T,Y_LT1,EE,2012,76.7,
ESTAT:TPS00205(1.0),14/03/24 11:00:00,A,YR,T,Y_LT1,EE,2013,77.5,
ESTAT:TPS00205(1.0),14/03/24 11:00:00,A,YR,T,Y_LT1,EE,2014,77.4,
ESTAT:TPS00205(1.0),14/03/24 11:00:00,A,YR,T,Y_LT1,EE,2015,78.0,b
ESTAT:TPS00205(1.0),14/03/24 11:00:00,A,YR,T,Y_LT1,EE,2016,78.0,
ESTAT:TPS00205(1.0),14/03/24 11:00:00,A,YR,T,Y_LT1,EE,2017,78.4,
ESTAT:TPS00205(1.0),14/03/24 11:00:00,A,YR,T,Y_LT1,EE,2018,78.5,
ESTAT:TPS00205(1.0),14/03/24 11:00:00,A,YR,T,Y_LT1,EE,2019,79.0,
ESTAT:TPS00205(1.0),14/03/24 11:00:00,A,YR,T,Y_LT1,EE,2020,78.9,
ESTAT:TPS00205(1.0),14/03/24 11:00:00,A,YR,T,Y_LT1,EE,2021,77.2,
ESTAT:TPS00205(1.0),14/03/24 11:00:00,A,YR,T,Y_LT1,EE,2022,78.1,
ESTAT:TPS00205(1.0),14/03/24 11:00:00,A,YR,T,Y_LT1,EL,2011,80.8,
ESTAT:TPS00205(1.0),14/03/24 11:00:00,A,YR,T,Y_LT1,EL,2012,80.7,
ESTAT:TPS00205(1.0),14/03/24 11:00:00,A,YR,T,Y_LT1,EL,2013,81.4,
ESTAT:TPS00205(1.0),14/03/24 11:00:00,A,YR,T,Y_LT1,EL,2014,81.5,
ESTAT:TPS00205(1.0),14/03/24 11:00:00,A,YR,T,Y_LT1,EL,2015,81.1,
ESTAT:TPS00205(1.0),14/03/24 11:00:00,A,YR,T,Y_LT1,EL,2016,81.5,
ESTAT:TPS00205(1.0),14/03/24 11:00:00,A,YR,T,Y_LT1,EL,2017,81.4,
ESTAT:TPS00205(1.0),14/03/24 11:00:00,A,YR,T,Y_LT1,EL,2018,81.9,
ESTAT:TPS00205(1.0),14/03/24 11:00:00,A,YR,T,Y_LT1,EL,2019,81.7,
ESTAT:TPS00205(1.0),14/03/24 11:00:00,A,YR,T,Y_LT1,EL,2020,81.4,
ESTAT:TPS00205(1.0),14/03/24 11:00:00,A,YR,T,Y_LT1,EL,2021,80.2,
ESTAT:TPS00205(1.0),14/03/24 11:00:00,A,YR,T,Y_LT1,EL,2022,80.8,
ESTAT:TPS00205(1.0),14/03/24 11:00:00,A,YR,T,Y_LT1,ES,2011,82.6,
ESTAT:TPS00205(1.0),14/03/24 11:00:00,A,YR,T,Y_LT1,ES,2012,82.5,
ESTAT:TPS00205(1.0),14/03/24 11:00:00,A,YR,T,Y_LT1,ES,2013,83.2,
ESTAT:TPS00205(1.0),14/03/24 11:00:00,A,YR,T,Y_LT1,ES,2014,83.3,
ESTAT:TPS00205(1.0),14/03/24 11:00:00,A,YR,T,Y_LT1,ES,2015,83.0,
ESTAT:TPS00205(1.0),14/03/24 11:00:00,A,YR,T,Y_LT1,ES,2016,83.5,
ESTAT:TPS00205(1.0),14/03/24 11:00:00,A,YR,T,Y_LT1,ES,2017,83.4,
ESTAT:TPS00205(1.0),14/03/24 11:00:00,A,YR,T,Y_LT1,ES,2018,83.5,
ESTAT:TPS00205(1.0),14/03/24 11:00:00,A,YR,T,Y_LT1,ES,2019,84.0,
ESTAT:TPS00205(1.0),14/03/24 11:00:00,A,YR,T,Y_LT1,ES,2020,82.4,
ESTAT:TPS00205(1.0),14/03/24 11:00:00,A,YR,T,Y_LT1,ES,2021,83.3,
ESTAT:TPS00205(1.0),14/03/24 11:00:00,A,YR,T,Y_LT1,ES,2022,83.2,
ESTAT:TPS00205(1.0),14/03/24 11:00:00,A,YR,T,Y_LT1,EU27_2020,2011,80.1,b
ESTAT:TPS00205(1.0),14/03/24 11:00:00,A,YR,T,Y_LT1,EU27_2020,2012,80.2,b
ESTAT:TPS00205(1.0),14/03/24 11:00:00,A,YR,T,Y_LT1,EU27_2020,2013,80.5,
ESTAT:TPS00205(1.0),14/03/24 11:00:00,A,YR,T,Y_LT1,EU27_2020,2014,80.8,b
ESTAT:TPS00205(1.0),14/03/24 11:00:00,A,YR,T,Y_LT1,EU27_2020,2015,80.5,b
ESTAT:TPS00205(1.0),14/03/24 11:00:00,A,YR,T,Y_LT1,EU27_2020,2016,80.9,
ESTAT:TPS00205(1.0),14/03/24 11:00:00,A,YR,T,Y_LT1,EU27_2020,2017,80.9,b
ESTAT:TPS00205(1.0),14/03/24 11:00:00,A,YR,T,Y_LT1,EU27_2020,2018,81.0,ep
ESTAT:TPS00205(1.0),14/03/24 11:00:00,A,YR,T,Y_LT1,EU27_2020,2019,81.3,bep
ESTAT:TPS00205(1.0),14/03/24 11:00:00,A,YR,T,Y_LT1,EU27_2020,2020,80.4,bep
ESTAT:TPS00205(1.0),14/03/24 11:00:00,A,YR,T,Y_LT1,EU27_2020,2021,80.1,bep
ESTAT:TPS00205(1.0),14/03/24 11:00:00,A,YR,T,Y_LT1,EU27_2020,2022,80.6,bep
ESTAT:TPS00205(1.0),14/03/24 11:00:00,A,YR,T,Y_LT1,FI,2011,80.6,
ESTAT:TPS00205(1.0),14/03/24 11:00:00,A,YR,T,Y_LT1,FI,2012,80.7,
ESTAT:TPS00205(1.0),14/03/24 11:00:00,A,YR,T,Y_LT1,FI,2013,81.1,
ESTAT:TPS00205(1.0),14/03/24 11:00:00,A,YR,T,Y_LT1,FI,2014,81.3,
ESTAT:TPS00205(1.0),14/03/24 11:00:00,A,YR,T,Y_LT1,FI,2015,81.6,
ESTAT:TPS00205(1.0),14/03/24 11:00:00,A,YR,T,Y_LT1,FI,2016,81.5,
ESTAT:TPS00205(1.0),14/03/24 11:00:00,A,YR,T,Y_LT1,FI,2017,81.7,
ESTAT:TPS00205(1.0),14/03/24 11:00:00,A,YR,T,Y_LT1,FI,2018,81.8,
ESTAT:TPS00205(1.0),14/03/24 11:00:00,A,YR,T,Y_LT1,FI,2019,82.1,
ESTAT:TPS00205(1.0),14/03/24 11:00:00,A,YR,T,Y_LT1,FI,2020,82.0,
ESTAT:TPS00205(1.0),14/03/24 11:00:00,A,YR,T,Y_LT1,FI,2021,81.9,
ESTAT:TPS00205(1.0),14/03/24 11:00:00,A,YR,T,Y_LT1,FI,2022,81.2,
ESTAT:TPS00205(1.0),14/03/24 11:00:00,A,YR,T,Y_LT1,FR,2011,82.3,
ESTAT:TPS00205(1.0),14/03/24 11:00:00,A,YR,T,Y_LT1,FR,2012,82.1,b
ESTAT:TPS00205(1.0),14/03/24 11:00:00,A,YR,T,Y_LT1,FR,2013,82.4,
ESTAT:TPS00205(1.0),14/03/24 11:00:00,A,YR,T,Y_LT1,FR,2014,82.9,b
ESTAT:TPS00205(1.0),14/03/24 11:00:00,A,YR,T,Y_LT1,FR,2015,82.4,
ESTAT:TPS00205(1.0),14/03/24 11:00:00,A,YR,T,Y_LT1,FR,2016,82.7,
ESTAT:TPS00205(1.0),14/03/24 11:00:00,A,YR,T,Y_LT1,FR,2017,82.7,
ESTAT:TPS00205(1.0),14/03/24 11:00:00,A,YR,T,Y_LT1,FR,2018,82.8,p
ESTAT:TPS00205(1.0),14/03/24 11:00:00,A,YR,T,Y_LT1,FR,2019,83.0,p
ESTAT:TPS00205(1.0),14/03/24 11:00:00,A,YR,T,Y_LT1,FR,2020,82.3,p
ESTAT:TPS00205(1.0),14/03/24 11:00:00,A,YR,T,Y_LT1,FR,2021,82.4,p
ESTAT:TPS00205(1.0),14/03/24 11:00:00,A,YR,T,Y_LT1,FR,2022,82.3,p
ESTAT:TPS00205(1.0),14/03/24 11:00:00,A,YR,T,Y_LT1,FX,2011,82.3,
ESTAT:TPS00205(1.0),14/03/24 11:00:00,A,YR,T,Y_LT1,FX,2012,82.1,
ESTAT:TPS00205(1.0),14/03/24 11:00:00,A,YR,T,Y_LT1,GE,2011,74.5,
ESTAT:TPS00205(1.0),14/03/24 11:00:00,A,YR,T,Y_LT1,GE,2014,74.1,
ESTAT:TPS00205(1.0),14/03/24 11:00:00,A,YR,T,Y_LT1,GE,2015,73.0,
ESTAT:TPS00205(1.0),14/03/24 11:00:00,A,YR,T,Y_LT1,GE,2016,72.7,
ESTAT:TPS00205(1.0),14/03/24 11:00:00,A,YR,T,Y_LT1,GE,2017,73.5,
ESTAT:TPS00205(1.0),14/03/24 11:00:00,A,YR,T,Y_LT1,GE,2018,74.0,
ESTAT:TPS00205(1.0),14/03/24 11:00:00,A,YR,T,Y_LT1,GE,2019,74.1,
ESTAT:TPS00205(1.0),14/03/24 11:00:00,A,YR,T,Y_LT1,HR,2011,77.2,
ESTAT:TPS00205(1.0),14/03/24 11:00:00,A,YR,T,Y_LT1,HR,2012,77.3,
ESTAT:TPS00205(1.0),14/03/24 11:00:00,A,YR,T,Y_LT1,HR,2013,77.8,
ESTAT:TPS00205(1.0),14/03/24 11:00:00,A,YR,T,Y_LT1,HR,2014,77.9,
ESTAT:TPS00205(1.0),14/03/24 11:00:00,A,YR,T,Y_LT1,HR,2015,77.5,
ESTAT:TPS00205(1.0),14/03/24 11:00:00,A,YR,T,Y_LT1,HR,2016,78.2,
ESTAT:TPS00205(1.0),14/03/24 11:00:00,A,YR,T,Y_LT1,HR,2017,78.0,
ESTAT:TPS00205(1.0),14/03/24 11:00:00,A,YR,T,Y_LT1,HR,2018,78.2,
ESTAT:TPS00205(1.0),14/03/24 11:00:00,A,YR,T,Y_LT1,HR,2019,78.6,
ESTAT:TPS00205(1.0),14/03/24 11:00:00,A,YR,T,Y_LT1,HR,2020,77.8,
ESTAT:TPS00205(1.0),14/03/24 11:00:00,A,YR,T,Y_LT1,HR,2021,76.7,b
ESTAT:TPS00205(1.0),14/03/24 11:00:00,A,YR,T,Y_LT1,HR,2022,77.7,b
ESTAT:TPS00205(1.0),14/03/24 11:00:00,A,YR,T,Y_LT1,HU,2011,75.1,
ESTAT:TPS00205(1.0),14/03/24 11:00:00,A,YR,T,Y_LT1,HU,2012,75.3,b
ESTAT:TPS00205(1.0),14/03/24 11:00:00,A,YR,T,Y_LT1,HU,2013,75.8,
ESTAT:TPS00205(1.0),14/03/24 11:00:00,A,YR,T,Y_LT1,HU,2014,76.0,
ESTAT:TPS00205(1.0),14/03/24 11:00:00,A,YR,T,Y_LT1,HU,2015,75.7,
ESTAT:TPS00205(1.0),14/03/24 11:00:00,A,YR,T,Y_LT1,HU,2016,76.2,
ESTAT:TPS00205(1.0),14/03/24 11:00:00,A,YR,T,Y_LT1,HU,2017,76.0,
ESTAT:TPS00205(1.0),14/03/24 11:00:00,A,YR,T,Y_LT1,HU,2018,76.2,
ESTAT:TPS00205(1.0),14/03/24 11:00:00,A,YR,T,Y_LT1,HU,2019,76.5,
ESTAT:TPS00205(1.0),14/03/24 11:00:00,A,YR,T,Y_LT1,HU,2020,75.7,
ESTAT:TPS00205(1.0),14/03/24 11:00:00,A,YR,T,Y_LT1,HU,2021,74.3,
ESTAT:TPS00205(1.0),14/03/24 11:00:00,A,YR,T,Y_LT1,HU,2022,76.0,b
ESTAT:TPS00205(1.0),14/03/24 11:00:00,A,YR,T,Y_LT1,IE,2011,80.9,
ESTAT:TPS00205(1.0),14/03/24 11:00:00,A,YR,T,Y_LT1,IE,2012,80.9,
ESTAT:TPS00205(1.0),14/03/24 11:00:00,A,YR,T,Y_LT1,IE,2013,81.0,
ESTAT:TPS00205(1.0),14/03/24 11:00:00,A,YR,T,Y_LT1,IE,2014,81.4,
ESTAT:TPS00205(1.0),14/03/24 11:00:00,A,YR,T,Y_LT1,IE,2015,81.5,
ESTAT:TPS00205(1.0),14/03/24 11:00:00,A,YR,T,Y_LT1,IE,2016,81.7,
ESTAT:TPS00205(1.0),14/03/24 11:00:00,A,YR,T,Y_LT1,IE,2017,82.2,
ESTAT:TPS00205(1.0),14/03/24 11:00:00,A,YR,T,Y_LT1,IE,2018,82.2,e
ESTAT:TPS00205(1.0),14/03/24 11:00:00,A,YR,T,Y_LT1,IE,2019,82.8,e
ESTAT:TPS00205(1.0),14/03/24 11:00:00,A,YR,T,Y_LT1,IE,2020,82.6,
ESTAT:TPS00205(1.0),14/03/24 11:00:00,A,YR,T,Y_LT1,IE,2021,82.4,
ESTAT:TPS00205(1.0),14/03/24 11:00:00,A,YR,T,Y_LT1,IE,2022,82.6,
ESTAT:TPS00205(1.0),14/03/24 11:00:00,A,YR,T,Y_LT1,IS,2011,82.4,
ESTAT:TPS00205(1.0),14/03/24 11:00:00,A,YR,T,Y_LT1,IS,2012,83.0,
ESTAT:TPS00205(1.0),14/03/24 11:00:00,A,YR,T,Y_LT1,IS,2013,82.1,
ESTAT:TPS00205(1.0),14/03/24 11:00:00,A,YR,T,Y_LT1,IS,2014,82.9,
ESTAT:TPS00205(1.0),14/03/24 11:00:00,A,YR,T,Y_LT1,IS,2015,82.5,
ESTAT:TPS00205(1.0),14/03/24 11:00:00,A,YR,T,Y_LT1,IS,2016,82.2,
ESTAT:TPS00205(1.0),14/03/24 11:00:00,A,YR,T,Y_LT1,IS,2017,82.6,
ESTAT:TPS00205(1.0),14/03/24 11:00:00,A,YR,T,Y_LT1,IS,2018,82.9,
ESTAT:TPS00205(1.0),14/03/24 11:00:00,A,YR,T,Y_LT1,IS,2019,83.2,
ESTAT:TPS00205(1.0),14/03/24 11:00:00,A,YR,T,Y_LT1,IS,2020,83.1,
ESTAT:TPS00205(1.0),14/03/24 11:00:00,A,YR,T,Y_LT1,IS,2021,83.2,
ESTAT:TPS00205(1.0),14/03/24 11:00:00,A,YR,T,Y_LT1,IS,2022,82.1,
ESTAT:TPS00205(1.0),14/03/24 11:00:00,A,YR,T,Y_LT1,IT,2011,82.4,
ESTAT:TPS00205(1.0),14/03/24 11:00:00,A,YR,T,Y_LT1,IT,2012,82.4,
ESTAT:TPS00205(1.0),14/03/24 11:00:00,A,YR,T,Y_LT1,IT,2013,82.9,
ESTAT:TPS00205(1.0),14/03/24 11:00:00,A,YR,T,Y_LT1,IT,2014,83.2,
ESTAT:TPS00205(1.0),14/03/24 11:00:00,A,YR,T,Y_LT1,IT,2015,82.7,
ESTAT:TPS00205(1.0),14/03/24 11:00:00,A,YR,T,Y_LT1,IT,2016,83.4,
ESTAT:TPS00205(1.0),14/03/24 11:00:00,A,YR,T,Y_LT1,IT,2017,83.1,
ESTAT:TPS00205(1.0),14/03/24 11:00:00,A,YR,T,Y_LT1,IT,2018,83.4,
ESTAT:TPS00205(1.0),14/03/24 11:00:00,A,YR,T,Y_LT1,IT,2019,83.6,b
ESTAT:TPS00205(1.0),14/03/24 11:00:00,A,YR,T,Y_LT1,IT,2020,82.3,
ESTAT:TPS00205(1.0),14/03/24 11:00:00,A,YR,T,Y_LT1,IT,2021,82.7,
ESTAT:TPS00205(1.0),14/03/24 11:00:00,A,YR,T,Y_LT1,IT,2022,82.8,
ESTAT:TPS00205(1.0),14/03/24 11:00:00,A,YR,T,Y_LT1,LI,2011,81.9,
ESTAT:TPS00205(1.0),14/03/24 11:00:00,A,YR,T,Y_LT1,LI,2012,82.5,
ESTAT:TPS00205(1.0),14/03/24 11:00:00,A,YR,T,Y_LT1,LI,2013,82.5,
ESTAT:TPS00205(1.0),14/03/24 11:00:00,A,YR,T,Y_LT1,LI,2014,82.1,
ESTAT:TPS00205(1.0),14/03/24 11:00:00,A,YR,T,Y_LT1,LI,2015,82.7,
ESTAT:TPS00205(1.0),14/03/24 11:00:00,A,YR,T,Y_LT1,LI,2016,82.3,
ESTAT:TPS00205(1.0),14/03/24 11:00:00,A,YR,T,Y_LT1,LI,2017,83.7,
ESTAT:TPS00205(1.0),14/03/24 11:00:00,A,YR,T,Y_LT1,LI,2018,83.1,
ESTAT:TPS00205(1.0),14/03/24 11:00:00,A,YR,T,Y_LT1,LI,2019,84.3,
ESTAT:TPS00205(1.0),14/03/24 11:00:00,A,YR,T,Y_LT1,LI,2020,81.8,
ESTAT:TPS00205(1.0),14/03/24 11:00:00,A,YR,T,Y_LT1,LI,2021,84.4,e
ESTAT:TPS00205(1.0),14/03/24 11:00:00,A,YR,T,Y_LT1,LI,2022,83.9,
ESTAT:TPS00205(1.0),14/03/24 11:00:00,A,YR,T,Y_LT1,LT,2011,73.7,
ESTAT:TPS00205(1.0),14/03/24 11:00:00,A,YR,T,Y_LT1,LT,2012,74.1,
ESTAT:TPS00205(1.0),14/03/24 11:00:00,A,YR,T,Y_LT1,LT,2013,74.1,
ESTAT:TPS00205(1.0),14/03/24 11:00:00,A,YR,T,Y_LT1,LT,2014,74.7,
ESTAT:TPS00205(1.0),14/03/24 11:00:00,A,YR,T,Y_LT1,LT,2015,74.6,
ESTAT:TPS00205(1.0),14/03/24 11:00:00,A,YR,T,Y_LT1,LT,2016,74.9,
ESTAT:TPS00205(1.0),14/03/24 11:00:00,A,YR,T,Y_LT1,LT,2017,75.8,
ESTAT:TPS00205(1.0),14/03/24 11:00:00,A,YR,T,Y_LT1,LT,2018,76.0,
ESTAT:TPS00205(1.0),14/03/24 11:00:00,A,YR,T,Y_LT1,LT,2019,76.5,
ESTAT:TPS00205(1.0),14/03/24 11:00:00,A,YR,T,Y_LT1,LT,2020,75.1,
ESTAT:TPS00205(1.0),14/03/24 11:00:00,A,YR,T,Y_LT1,LT,2021,74.2,
ESTAT:TPS00205(1.0),14/03/24 11:00:00,A,YR,T,Y_LT1,LT,2022,75.8,
ESTAT:TPS00205(1.0),14/03/24 11:00:00,A,YR,T,Y_LT1,LU,2011,81.1,
ESTAT:TPS00205(1.0),14/03/24 11:00:00,A,YR,T,Y_LT1,LU,2012,81.5,b
ESTAT:TPS00205(1.0),14/03/24 11:00:00,A,YR,T,Y_LT1,LU,2013,81.9,
ESTAT:TPS00205(1.0),14/03/24 11:00:00,A,YR,T,Y_LT1,LU,2014,82.3,
ESTAT:TPS00205(1.0),14/03/24 11:00:00,A,YR,T,Y_LT1,LU,2015,82.4,
ESTAT:TPS00205(1.0),14/03/24 11:00:00,A,YR,T,Y_LT1,LU,2016,82.7,
ESTAT:TPS00205(1.0),14/03/24 11:00:00,A,YR,T,Y_LT1,LU,2017,82.1,b
ESTAT:TPS00205(1.0),14/03/24 11:00:00,A,YR,T,Y_LT1,LU,2018,82.3,
ESTAT:TPS00205(1.0),14/03/24 11:00:00,A,YR,T,Y_LT1,LU,2019,82.7,
ESTAT:TPS00205(1.0),14/03/24 11:00:00,A,YR,T,Y_LT1,LU,2020,82.2,
ESTAT:TPS00205(1.0),14/03/24 11:00:00,A,YR,T,Y_LT1,LU,2021,82.7,
ESTAT:TPS00205(1.0),14/03/24 11:00:00,A,YR,T,Y_LT1,LU,2022,83.0,
ESTAT:TPS00205(1.0),14/03/24 11:00:00,A,YR,T,Y_LT1,LV,2011,73.9,
ESTAT:TPS00205(1.0),14/03/24 11:00:00,A,YR,T,Y_LT1,LV,2012,74.1,
ESTAT:TPS00205(1.0),14/03/24 11:00:00,A,YR,T,Y_LT1,LV,2013,74.3,
ESTAT:TPS00205(1.0),14/03/24 11:00:00,A,YR,T,Y_LT1,LV,2014,74.5,
ESTAT:TPS00205(1.0),14/03/24 11:00:00,A,YR,T,Y_LT1,LV,2015,74.8,
ESTAT:TPS00205(1.0),14/03/24 11:00:00,A,YR,T,Y_LT1,LV,2016,74.9,
ESTAT:TPS00205(1.0),14/03/24 11:00:00,A,YR,T,Y_LT1,LV,2017,74.9,
ESTAT:TPS00205(1.0),14/03/24 11:00:00,A,YR,T,Y_LT1,LV,2018,75.1,
ESTAT:TPS00205(1.0),14/03/24 11:00:00,A,YR,T,Y_LT1,LV,2019,75.7,
ESTAT:TPS00205(1.0),14/03/24 11:00:00,A,YR,T,Y_LT1,LV,2020,75.5,
ESTAT:TPS00205(1.0),14/03/24 11:00:00,A,YR,T,Y_LT1,LV,2021,73.1,
ESTAT:TPS00205(1.0),14/03/24 11:00:00,A,YR,T,Y_LT1,LV,2022,74.5,
ESTAT:TPS00205(1.0),14/03/24 11:00:00,A,YR,T,Y_LT1,MD,2011,71.0,
ESTAT:TPS00205(1.0),14/03/24 11:00:00,A,YR,T,Y_LT1,MD,2012,71.0,
ESTAT:TPS00205(1.0),14/03/24 11:00:00,A,YR,T,Y_LT1,ME,2011,76.1,
ESTAT:TPS00205(1.0),14/03/24 11:00:00,A,YR,T,Y_LT1,ME,2012,76.3,
ESTAT:TPS00205(1.0),14/03/24 11:00:00,A,YR,T,Y_LT1,ME,2013,76.5,
ESTAT:TPS00205(1.0),14/03/24 11:00:00,A,YR,T,Y_LT1,ME,2014,76.5,
ESTAT:TPS00205(1.0),14/03/24 11:00:00,A,YR,T,Y_LT1,ME,2015,76.5,
ESTAT:TPS00205(1.0),14/03/24 11:00:00,A,YR,T,Y_LT1,ME,2016,76.5,
ESTAT:TPS00205(1.0),14/03/24 11:00:00,A,YR,T,Y_LT1,ME,2017,76.6,
ESTAT:TPS00205(1.0),14/03/24 11:00:00,A,YR,T,Y_LT1,ME,2018,76.9,
ESTAT:TPS00205(1.0),14/03/24 11:00:00,A,YR,T,Y_LT1,ME,2019,76.7,
ESTAT:TPS00205(1.0),14/03/24 11:00:00,A,YR,T,Y_LT1,ME,2020,75.9,
ESTAT:TPS00205(1.0),14/03/24 11:00:00,A,YR,T,Y_LT1,ME,2021,73.8,
ESTAT:TPS00205(1.0),14/03/24 11:00:00,A,YR,T,Y_LT1,MK,2011,75.1,
ESTAT:TPS00205(1.0),14/03/24 11:00:00,A,YR,T,Y_LT1,MK,2012,74.9,
ESTAT:TPS00205(1.0),14/03/24 11:00:00,A,YR,T,Y_LT1,MK,2013,75.5,
ESTAT:TPS00205(1.0),14/03/24 11:00:00,A,YR,T,Y_LT1,MK,2014,75.5,
ESTAT:TPS00205(1.0),14/03/24 11:00:00,A,YR,T,Y_LT1,MK,2015,75.5,
ESTAT:TPS00205(1.0),14/03/24 11:00:00,A,YR,T,Y_LT1,MK,2016,75.4,
ESTAT:TPS00205(1.0),14/03/24 11:00:00,A,YR,T,Y_LT1,MK,2017,76.0,
ESTAT:TPS00205(1.0),14/03/24 11:00:00,A,YR,T,Y_LT1,MK,2018,76.7,
ESTAT:TPS00205(1.0),14/03/24 11:00:00,A,YR,T,Y_LT1,MK,2019,76.6,
ESTAT:TPS00205(1.0),14/03/24 11:00:00,A,YR,T,Y_LT1,MK,2020,74.4,
ESTAT:TPS00205(1.0),14/03/24 11:00:00,A,YR,T,Y_LT1,MK,2021,73.2,b
ESTAT:TPS00205(1.0),14/03/24 11:00:00,A,YR,T,Y_LT1,MT,2011,80.9,
ESTAT:TPS00205(1.0),14/03/24 11:00:00,A,YR,T,Y_LT1,MT,2012,80.9,
ESTAT:TPS00205(1.0),14/03/24 11:00:00,A,YR,T,Y_LT1,MT,2013,81.9,
ESTAT:TPS00205(1.0),14/03/24 11:00:00,A,YR,T,Y_LT1,MT,2014,82.1,
ESTAT:TPS00205(1.0),14/03/24 11:00:00,A,YR,T,Y_LT1,MT,2015,82.0,
ESTAT:TPS00205(1.0),14/03/24 11:00:00,A,YR,T,Y_LT1,MT,2016,82.6,
ESTAT:TPS00205(1.0),14/03/24 11:00:00,A,YR,T,Y_LT1,MT,2017,82.4,
ESTAT:TPS00205(1.0),14/03/24 11:00:00,A,YR,T,Y_LT1,MT,2018,82.5,
ESTAT:TPS00205(1.0),14/03/24 11:00:00,A,YR,T,Y_LT1,MT,2019,82.9,
ESTAT:TPS00205(1.0),14/03/24 11:00:00,A,YR,T,Y_LT1,MT,2020,82.3,
ESTAT:TPS00205(1.0),14/03/24 11:00:00,A,YR,T,Y_LT1,MT,2021,82.5,p
ESTAT:TPS00205(1.0),14/03/24 11:00:00,A,YR,T,Y_LT1,MT,2022,82.4,p
ESTAT:TPS00205(1.0),14/03/24 11:00:00,A,YR,T,Y_LT1,NL,2011,81.3,
ESTAT:TPS00205(1.0),14/03/24 11:00:00,A,YR,T,Y_LT1,NL,2012,81.2,
ESTAT:TPS00205(1.0),14/03/24 11:00:00,A,YR,T,Y_LT1,NL,2013,81.4,
ESTAT:TPS00205(1.0),14/03/24 11:00:00,A,YR,T,Y_LT1,NL,2014,81.8,
ESTAT:TPS00205(1.0),14/03/24 11:00:00,A,YR,T,Y_LT1,NL,2015,81.6,
ESTAT:TPS00205(1.0),14/03/24 11:00:00,A,YR,T,Y_LT1,NL,2016,81.7,
ESTAT:TPS00205(1.0),14/03/24 11:00:00,A,YR,T,Y_LT1,NL,2017,81.8,
ESTAT:TPS00205(1.0),14/03/24 11:00:00,A,YR,T,Y_LT1,NL,2018,81.9,
ESTAT:TPS00205(1.0),14/03/24 11:00:00,A,YR,T,Y_LT1,NL,2019,82.2,
ESTAT:TPS00205(1.0),14/03/24 11:00:00,A,YR,T,Y_LT1,NL,2020,81.4,
ESTAT:TPS00205(1.0),14/03/24 11:00:00,A,YR,T,Y_LT1,NL,2021,81.4,
ESTAT:TPS00205(1.0),14/03/24 11:00:00,A,YR,T,Y_LT1,NL,2022,81.7,
ESTAT:TPS00205(1.0),14/03/24 11:00:00,A,YR,T,Y_LT1,NO,2011,81.4,
ESTAT:TPS00205(1.0),14/03/24 11:00:00,A,YR,T,Y_LT1,NO,2012,81.5,
ESTAT:TPS00205(1.0),14/03/24 11:00:00,A,YR,T,Y_LT1,NO,2013,81.8,
ESTAT:TPS00205(1.0),14/03/24 11:00:00,A,YR,T,Y_LT1,NO,2014,82.2,
ESTAT:TPS00205(1.0),14/03/24 11:00:00,A,YR,T,Y_LT1,NO,2015,82.4,
ESTAT:TPS00205(1.0),14/03/24 11:00:00,A,YR,T,Y_LT1,NO,2016,82.5,
ESTAT:TPS00205(1.0),14/03/24 11:00:00,A,YR,T,Y_LT1,NO,2017,82.7,
ESTAT:TPS00205(1.0),14/03/24 11:00:00,A,YR,T,Y_LT1,NO,2018,82.8,
ESTAT:TPS00205(1.0),14/03/24 11:00:00,A,YR,T,Y_LT1,NO,2019,83.0,
ESTAT:TPS00205(1.0),14/03/24 11:00:00,A,YR,T,Y_LT1,NO,2020,83.3,
ESTAT:TPS00205(1.0),14/03/24 11:00:00,A,YR,T,Y_LT1,NO,2021,83.2,
ESTAT:TPS00205(1.0),14/03/24 11:00:00,A,YR,T,Y_LT1,NO,2022,82.5,
ESTAT:TPS00205(1.0),14/03/24 11:00:00,A,YR,T,Y_LT1,PL,2011,76.8,
ESTAT:TPS00205(1.0),14/03/24 11:00:00,A,YR,T,Y_LT1,PL,2012,76.9,
ESTAT:TPS00205(1.0),14/03/24 11:00:00,A,YR,T,Y_LT1,PL,2013,77.1,
ESTAT:TPS00205(1.0),14/03/24 11:00:00,A,YR,T,Y_LT1,PL,2014,77.8,
ESTAT:TPS00205(1.0),14/03/24 11:00:00,A,YR,T,Y_LT1,PL,2015,77.5,
ESTAT:TPS00205(1.0),14/03/24 11:00:00,A,YR,T,Y_LT1,PL,2016,78.0,
ESTAT:TPS00205(1.0),14/03/24 11:00:00,A,YR,T,Y_LT1,PL,2017,77.8,
ESTAT:TPS00205(1.0),14/03/24 11:00:00,A,YR,T,Y_LT1,PL,2018,77.7,
ESTAT:TPS00205(1.0),14/03/24 11:00:00,A,YR,T,Y_LT1,PL,2019,78.0,
ESTAT:TPS00205(1.0),14/03/24 11:00:00,A,YR,T,Y_LT1,PL,2020,76.5,ep
ESTAT:TPS00205(1.0),14/03/24 11:00:00,A,YR,T,Y_LT1,PL,2021,75.5,ep
ESTAT:TPS00205(1.0),14/03/24 11:00:00,A,YR,T,Y_LT1,PL,2022,77.2,b
ESTAT:TPS00205(1.0),14/03/24 11:00:00,A,YR,T,Y_LT1,PT,2011,80.7,
ESTAT:TPS00205(1.0),14/03/24 11:00:00,A,YR,T,Y_LT1,PT,2012,80.6,
ESTAT:TPS00205(1.0),14/03/24 11:00:00,A,YR,T,Y_LT1,PT,2013,80.9,
ESTAT:TPS00205(1.0),14/03/24 11:00:00,A,YR,T,Y_LT1,PT,2014,81.3,
ESTAT:TPS00205(1.0),14/03/24 11:00:00,A,YR,T,Y_LT1,PT,2015,81.3,
ESTAT:TPS00205(1.0),14/03/24 11:00:00,A,YR,T,Y_LT1,PT,2016,81.3,
ESTAT:TPS00205(1.0),14/03/24 11:00:00,A,YR,T,Y_LT1,PT,2017,81.6,
ESTAT:TPS00205(1.0),14/03/24 11:00:00,A,YR,T,Y_LT1,PT,2018,81.5,
ESTAT:TPS00205(1.0),14/03/24 11:00:00,A,YR,T,Y_LT1,PT,2019,81.9,
ESTAT:TPS00205(1.0),14/03/24 11:00:00,A,YR,T,Y_LT1,PT,2020,81.1,
ESTAT:TPS00205(1.0),14/03/24 11:00:00,A,YR,T,Y_LT1,PT,2021,81.5,bp
ESTAT:TPS00205(1.0),14/03/24 11:00:00,A,YR,T,Y_LT1,PT,2022,81.8,bp
ESTAT:TPS00205(1.0),14/03/24 11:00:00,A,YR,T,Y_LT1,RO,2011,74.4,
ESTAT:TPS00205(1.0),14/03/24 11:00:00,A,YR,T,Y_LT1,RO,2012,74.4,
ESTAT:TPS00205(1.0),14/03/24 11:00:00,A,YR,T,Y_LT1,RO,2013,75.1,
ESTAT:TPS00205(1.0),14/03/24 11:00:00,A,YR,T,Y_LT1,RO,2014,75.0,
ESTAT:TPS00205(1.0),14/03/24 11:00:00,A,YR,T,Y_LT1,RO,2015,74.9,
ESTAT:TPS00205(1.0),14/03/24 11:00:00,A,YR,T,Y_LT1,RO,2016,75.2,
ESTAT:TPS00205(1.0),14/03/24 11:00:00,A,YR,T,Y_LT1,RO,2017,75.2,
ESTAT:TPS00205(1.0),14/03/24 11:00:00,A,YR,T,Y_LT1,RO,2018,75.3,
ESTAT:TPS00205(1.0),14/03/24 11:00:00,A,YR,T,Y_LT1,RO,2019,75.6,e
ESTAT:TPS00205(1.0),14/03/24 11:00:00,A,YR,T,Y_LT1,RO,2020,74.2,e
ESTAT:TPS00205(1.0),14/03/24 11:00:00,A,YR,T,Y_LT1,RO,2021,72.8,e
ESTAT:TPS00205(1.0),14/03/24 11:00:00,A,YR,T,Y_LT1,RO,2022,75.1,e
ESTAT:TPS00205(1.0),14/03/24 11:00:00,A,YR,T,Y_LT1,RS,2011,74.6,b
ESTAT:TPS00205(1.0),14/03/24 11:00:00,A,YR,T,Y_LT1,RS,2012,74.9,
ESTAT:TPS00205(1.0),14/03/24 11:00:00,A,YR,T,Y_LT1,RS,2013,75.3,
ESTAT:TPS00205(1.0),14/03/24 11:00:00,A,YR,T,Y_LT1,RS,2014,75.4,
ESTAT:TPS00205(1.0),14/03/24 11:00:00,A,YR,T,Y_LT1,RS,2015,75.3,
ESTAT:TPS00205(1.0),14/03/24 11:00:00,A,YR,T,Y_LT1,RS,2016,75.7,
ESTAT:TPS00205(1.0),14/03/24 11:00:00,A,YR,T,Y_LT1,RS,2017,75.6,
ESTAT:TPS00205(1.0),14/03/24 11:00:00,A,YR,T,Y_LT1,RS,2018,75.9,
ESTAT:TPS00205(1.0),14/03/24 11:00:00,A,YR,T,Y_LT1,RS,2019,76.0,
ESTAT:TPS00205(1.0),14/03/24 11:00:00,A,YR,T,Y_LT1,RS,2020,74.5,
ESTAT:TPS00205(1.0),14/03/24 11:00:00,A,YR,T,Y_LT1,RS,2021,72.8,
ESTAT:TPS00205(1.0),14/03/24 11:00:00,A,YR,T,Y_LT1,RS,2022,75.2,b
ESTAT:TPS00205(1.0),14/03/24 11:00:00,A,YR,T,Y_LT1,SE,2011,81.9,
ESTAT:TPS00205(1.0),14/03/24 11:00:00,A,YR,T,Y_LT1,SE,2012,81.8,
ESTAT:TPS00205(1.0),14/03/24 11:00:00,A,YR,T,Y_LT1,SE,2013,82.0,
ESTAT:TPS00205(1.0),14/03/24 11:00:00,A,YR,T,Y_LT1,SE,2014,82.3,
ESTAT:TPS00205(1.0),14/03/24 11:00:00,A,YR,T,Y_LT1,SE,2015,82.2,
ESTAT:TPS00205(1.0),14/03/24 11:00:00,A,YR,T,Y_LT1,SE,2016,82.4,
ESTAT:TPS00205(1.0),14/03/24 11:00:00,A,YR,T,Y_LT1,SE,2017,82.5,
ESTAT:TPS00205(1.0),14/03/24 11:00:00,A,YR,T,Y_LT1,SE,2018,82.6,
ESTAT:TPS00205(1.0),14/03/24 11:00:00,A,YR,T,Y_LT1,SE,2019,83.2,
ESTAT:TPS00205(1.0),14/03/24 11:00:00,A,YR,T,Y_LT1,SE,2020,82.4,
ESTAT:TPS00205(1.0),14/03/24 11:00:00,A,YR,T,Y_LT1,SE,2021,83.1,
ESTAT:TPS00205(1.0),14/03/24 11:00:00,A,YR,T,Y_LT1,SE,2022,83.1,
ESTAT:TPS00205(1.0),14/03/24 11:00:00,A,YR,T,Y_LT1,SI,2011,80.1,
ESTAT:TPS00205(1.0),14/03/24 11:00:00,A,YR,T,Y_LT1,SI,2012,80.3,
ESTAT:TPS00205(1.0),14/03/24 11:00:00,A,YR,T,Y_LT1,SI,2013,80.5,
ESTAT:TPS00205(1.0),14/03/24 11:00:00,A,YR,T,Y_LT1,SI,2014,81.2,
ESTAT:TPS00205(1.0),14/03/24 11:00:00,A,YR,T,Y_LT1,SI,2015,80.9,
ESTAT:TPS00205(1.0),14/03/24 11:00:00,A,YR,T,Y_LT1,SI,2016,81.2,
ESTAT:TPS00205(1.0),14/03/24 11:00:00,A,YR,T,Y_LT1,SI,2017,81.2,
ESTAT:TPS00205(1.0),14/03/24 11:00:00,A,YR,T,Y_LT1,SI,2018,81.5,
ESTAT:TPS00205(1.0),14/03/24 11:00:00,A,YR,T,Y_LT1,SI,2019,81.6,
ESTAT:TPS00205(1.0),14/03/24 11:00:00,A,YR,T,Y_LT1,SI,2020,80.6,
ESTAT:TPS00205(1.0),14/03/24 11:00:00,A,YR,T,Y_LT1,SI,2021,80.7,
ESTAT:TPS00205(1.0),14/03/24 11:00:00,A,YR,T,Y_LT1,SI,2022,81.3,
ESTAT:TPS00205(1.0),14/03/24 11:00:00,A,YR,T,Y_LT1,SK,2011,76.1,
ESTAT:TPS00205(1.0),14/03/24 11:00:00,A,YR,T,Y_LT1,SK,2012,76.3,
ESTAT:TPS00205(1.0),14/03/24 11:00:00,A,YR,T,Y_LT1,SK,2013,76.6,
ESTAT:TPS00205(1.0),14/03/24 11:00:00,A,YR,T,Y_LT1,SK,2014,77.0,
ESTAT:TPS00205(1.0),14/03/24 11:00:00,A,YR,T,Y_LT1,SK,2015,76.7,
ESTAT:TPS00205(1.0),14/03/24 11:00:00,A,YR,T,Y_LT1,SK,2016,77.3,
ESTAT:TPS00205(1.0),14/03/24 11:00:00,A,YR,T,Y_LT1,SK,2017,77.3,
ESTAT:TPS00205(1.0),14/03/24 11:00:00,A,YR,T,Y_LT1,SK,2018,77.4,
ESTAT:TPS00205(1.0),14/03/24 11:00:00,A,YR,T,Y_LT1,SK,2019,77.8,
ESTAT:TPS00205(1.0),14/03/24 11:00:00,A,YR,T,Y_LT1,SK,2020,77.0,
ESTAT:TPS00205(1.0),14/03/24 11:00:00,A,YR,T,Y_LT1,SK,2021,74.6,
ESTAT:TPS00205(1.0),14/03/24 11:00:00,A,YR,T,Y_LT1,SK,2022,77.0,
ESTAT:TPS00205(1.0),14/03/24 11:00:00,A,YR,T,Y_LT1,SM,2012,85.6,
ESTAT:TPS00205(1.0),14/03/24 11:00:00,A,YR,T,Y_LT1,TR,2011,77.1,
ESTAT:TPS00205(1.0),14/03/24 11:00:00,A,YR,T,Y_LT1,TR,2012,77.6,
ESTAT:TPS00205(1.0),14/03/24 11:00:00,A,YR,T,Y_LT1,TR,2013,78.2,
ESTAT:TPS00205(1.0),14/03/24 11:00:00,A,YR,T,Y_LT1,TR,2014,78.1,
ESTAT:TPS00205(1.0),14/03/24 11:00:00,A,YR,T,Y_LT1,TR,2015,78.2,
ESTAT:TPS00205(1.0),14/03/24 11:00:00,A,YR,T,Y_LT1,TR,2016,78.1,
ESTAT:TPS00205(1.0),14/03/24 11:00:00,A,YR,T,Y_LT1,TR,2017,78.5,
ESTAT:TPS00205(1.0),14/03/24 11:00:00,A,YR,T,Y_LT1,TR,2018,78.9,
ESTAT:TPS00205(1.0),14/03/24 11:00:00,A,YR,T,Y_LT1,TR,2019,79.1,
ESTAT:TPS00205(1.0),14/03/24 11:00:00,A,YR,T,Y_LT1,TR,2022,76.3,
ESTAT:TPS00205(1.0),14/03/24 11:00:00,A,YR,T,Y_LT1,UA,2011,71.1,
ESTAT:TPS00205(1.0),14/03/24 11:00:00,A,YR,T,Y_LT1,UA,2012,71.2,
ESTAT:TPS00205(1.0),14/03/24 11:00:00,A,YR,T,Y_LT1,UA,2014,71.8,
ESTAT:TPS00205(1.0),14/03/24 11:00:00,A,YR,T,Y_LT1,UA,2015,72.5,
ESTAT:TPS00205(1.0),14/03/24 11:00:00,A,YR,T,Y_LT1,UA,2016,72.9,
ESTAT:TPS00205(1.0),14/03/24 11:00:00,A,YR,T,Y_LT1,UA,2017,73.3,
ESTAT:TPS00205(1.0),14/03/24 11:00:00,A,YR,T,Y_LT1,UA,2018,73.2,
ESTAT:TPS00205(1.0),14/03/24 11:00:00,A,YR,T,Y_LT1,UA,2019,73.4,
ESTAT:TPS00205(1.0),14/03/24 11:00:00,A,YR,T,Y_LT1,UK,2011,81.0,
ESTAT:TPS00205(1.0),14/03/24 11:00:00,A,YR,T,Y_LT1,UK,2012,81.0,
ESTAT:TPS00205(1.0),14/03/24 11:00:00,A,YR,T,Y_LT1,UK,2013,81.1,
ESTAT:TPS00205(1.0),14/03/24 11:00:00,A,YR,T,Y_LT1,UK,2014,81.4,
ESTAT:TPS00205(1.0),14/03/24 11:00:00,A,YR,T,Y_LT1,UK,2015,81.0,
ESTAT:TPS00205(1.0),14/03/24 11:00:00,A,YR,T,Y_LT1,UK,2016,81.2,
ESTAT:TPS00205(1.0),14/03/24 11:00:00,A,YR,T,Y_LT1,UK,2017,81.3,
ESTAT:TPS00205(1.0),14/03/24 11:00:00,A,YR,T,Y_LT1,UK,2018,81.3,
ESTAT:TPS00205(1.0),14/03/24 11:00:00,A,YR,T,Y_LT1,XK,2016,78.6,p
